system_label,locus_tag,contig,start,end,strand,gap_to_prev,product,gene_summary,pfam_domains,role_from_pfam,kegg_ko_id,tcdb_family,substrate_hint
HOT1A3_cassette_01_3.A.1.5,ACZ81_05440,NZ_CP012202.1,1233165,1233971,-,,ATP-binding cassette domain-containing protein,"dppF :: ATP-binding cassette domain-containing protein :: ABC transporter, ATP-binding protein",ABC_tran ; oligo_HPY,ATP-binding,K12372 ; K19230,3.A.1.5.5,peptide/oligopeptide (ABC)
HOT1A3_cassette_01_3.A.1.5,ACZ81_05445,NZ_CP012202.1,1233971,1234966,-,0.0,peptide ABC transporter ATP-binding protein,sapD :: peptide ABC transporter ATP-binding protein :: Belongs to the ABC transporter superfamily,ABC_tran ; oligo_HPY,ATP-binding,K02031 ; K02032 ; K13896 ; K19229,3.A.1.5.21 ; 3.A.1.5.24 ; 3.A.1.5.5,peptide [peptide/oligopeptide (ABC)]
HOT1A3_cassette_01_3.A.1.5,ACZ81_05450,NZ_CP012202.1,1234968,1235861,-,2.0,ABC transporter permease subunit,"sapC :: ABC transporter permease subunit :: ABC-type antimicrobial peptide transport system, permease component",BPD_transp_1 ; OppC_N,permease,K12370 ; K19228,3.A.1.5.5,peptide [peptide/oligopeptide (ABC)]
HOT1A3_cassette_01_3.A.1.5,ACZ81_05455,NZ_CP012202.1,1235848,1236816,-,-13.0,ABC transporter permease,"dppB :: ABC transporter permease :: COG0601 ABC-type dipeptide oligopeptide nickel transport systems, permease components",BPD_transp_1,permease,K12369 ; K15581 ; K19227,3.A.1.5.1 ; 3.A.1.5.18 ; 3.A.1.5.19 ; 3.A.1.5.25 ; 3.A.1.5.5,oligopeptide [peptide/oligopeptide (ABC)]
HOT1A3_cassette_01_3.A.1.5,ACZ81_05460,NZ_CP012202.1,1236876,1238636,-,60.0,ABC transporter substrate-binding protein,"sapA :: ABC transporter substrate-binding protein :: ABC-type dipeptide transport system, periplasmic component",SBP_bac_5,substrate-binding,K12368 ; K19226,3.A.1.5.5,dipeptide [peptide/oligopeptide (ABC)]
HOT1A3_cassette_02_3.A.1.5,ACZ81_14220,NZ_CP012202.1,3272279,3273886,+,,ABC transporter substrate-binding protein,"nikA :: ABC transporter substrate-binding protein :: Bacterial extracellular solute-binding proteins, family 5 Middle",SBP_bac_5,substrate-binding,K02035,3.A.1.5,peptide/oligopeptide (ABC)
HOT1A3_cassette_02_3.A.1.5,ACZ81_14225,NZ_CP012202.1,3273889,3274872,+,3.0,ABC transporter permease,nikB :: ABC transporter permease :: Binding-protein-dependent transport system inner membrane component,BPD_transp_1,permease,K02033,3.A.1.5,peptide/oligopeptide (ABC)
HOT1A3_cassette_02_3.A.1.5,ACZ81_14230,NZ_CP012202.1,3274869,3275738,+,-3.0,ABC transporter permease,ABC transporter permease :: Binding-protein-dependent transport system inner membrane component,BPD_transp_1,permease,K02034,3.A.1.5,peptide/oligopeptide (ABC)
HOT1A3_cassette_02_3.A.1.5,ACZ81_14235,NZ_CP012202.1,3275735,3277150,+,-3.0,ABC transporter ATP-binding protein,ABC transporter ATP-binding protein :: Belongs to the ABC transporter superfamily,ABC_tran ; oligo_HPY,ATP-binding,K02031 ; K02032,3.A.1.5,peptide/oligopeptide (ABC)
