marker_id,tier,gene_name,product,gene_category,strain,clade,organism,locus_tag,protein_accession,protein_length_aa,sequence_available,is_medoid,locus_block,mean_identity_to_siblings_pct,min_pairwise_identity_pct,shared_domain_in_a_genome,cross_aligns_another_marker,caution,ortholog_groups
m001,1_annotated,cpeR,phycoerythrin operon regulator,Photosynthesis,CC9311,I,Synechococcus CC9311,SYNC_RS13690,WP_071813674.1,101,True,False,B19,78.5,72.4,True,False,,cyanorak:CK_00001759;eggnog:1G6U1@1117;eggnog:1H0QE@1129;eggnog:316IX@2
m001,1_annotated,cpeR,phycoerythrin operon regulator,Photosynthesis,WH8109,II,Synechococcus WH8109,Syncc8109_RS11510,WP_071823038.1,101,True,False,B19,78.5,72.4,True,False,,cyanorak:CK_00001759;eggnog:1G6U1@1117;eggnog:1H0QE@1129;eggnog:316IX@2
m001,1_annotated,cpeR,phycoerythrin operon regulator,Photosynthesis,WH8102,III,Synechococcus WH8102,SYNW2004,WP_011128862.1,101,True,True,B19,78.5,72.4,True,False,,cyanorak:CK_00001759;eggnog:1G6U1@1117;eggnog:1H0QE@1129;eggnog:316IX@2
m001,1_annotated,cpeR,phycoerythrin operon regulator,Photosynthesis,BL107,IV,Synechococcus sp. BL107,BL107_08981,WP_009789002.1,101,True,False,B19,78.5,72.4,True,False,,cyanorak:CK_00001759;eggnog:1G6U1@1117;eggnog:1H0QE@1129;eggnog:316IX@2
m001,1_annotated,cpeR,phycoerythrin operon regulator,Photosynthesis,WH7803,V,Synechococcus WH7803,SynWH7803_0497,WP_011932411.1,102,True,False,B19,78.5,72.4,True,False,,cyanorak:CK_00001759;eggnog:1G6U1@1117;eggnog:1H0QE@1129;eggnog:316IX@2
m002,1_annotated,cpeU,putative phycoerythrobilin:phycoerythrin lyase CpeU,Photosynthesis,CC9311,I,Synechococcus CC9311,sync_0492,WP_011618451.1,200,True,False,B19,74.0,65.5,False,False,,cyanorak:CK_00001757;eggnog:1G3IJ@1117;eggnog:1GZGI@1129;eggnog:2Z7Z4@2
m002,1_annotated,cpeU,putative phycoerythrobilin:phycoerythrin lyase CpeU,Photosynthesis,WH8109,II,Synechococcus WH8109,Syncc8109_0442,WP_006849863.1,203,True,True,B19,74.0,65.5,False,False,,cyanorak:CK_00001757;eggnog:1G3IJ@1117;eggnog:1GZGI@1129;eggnog:2Z7Z4@2
m002,1_annotated,cpeU,putative phycoerythrobilin:phycoerythrin lyase CpeU,Photosynthesis,WH8102,III,Synechococcus WH8102,SYNW2019,WP_144416645.1,193,True,False,B19,74.0,65.5,False,False,,cyanorak:CK_00001757;eggnog:1G3IJ@1117;eggnog:1GZGI@1129;eggnog:2Z7Z4@2
m002,1_annotated,cpeU,putative phycoerythrobilin:phycoerythrin lyase CpeU,Photosynthesis,BL107,IV,Synechococcus sp. BL107,BL107_08896,WP_037988036.1,205,True,False,B19,74.0,65.5,False,False,,cyanorak:CK_00001757;eggnog:1G3IJ@1117;eggnog:1GZGI@1129;eggnog:2Z7Z4@2
m002,1_annotated,cpeU,putative phycoerythrobilin:phycoerythrin lyase CpeU,Photosynthesis,WH7803,V,Synechococcus WH7803,SynWH7803_0483,WP_011932397.1,201,True,False,B19,74.0,65.5,False,False,,cyanorak:CK_00001757;eggnog:1G3IJ@1117;eggnog:1GZGI@1129;eggnog:2Z7Z4@2
m006,1_annotated,mpeA,"C-phycoerythrin class II, alpha chain",Photosynthesis,CC9311,I,Synechococcus CC9311,sync_0504,WP_011618463.1,165,True,True,B19,90.9,82.3,True,True,,cyanorak:CK_00007994;eggnog:1G5Z7@1117;eggnog:1GYRS@1129;eggnog:30NUX@2
m006,1_annotated,mpeA,"C-phycoerythrin class II, alpha chain",Photosynthesis,WH8109,II,Synechococcus WH8109,Syncc8109_0460,WP_006850994.1,165,True,False,B19,90.9,82.3,True,True,,cyanorak:CK_00007994;eggnog:1G5Z7@1117;eggnog:1GYRS@1129;eggnog:30NUX@2
m006,1_annotated,mpeA,"C-phycoerythrin class II, alpha chain",Photosynthesis,WH8102,III,Synechococcus WH8102,SYNW2009,WP_011128867.1,165,True,False,B19,90.9,82.3,True,True,,cyanorak:CK_00007994;eggnog:1G5Z7@1117;eggnog:1GYRS@1129;eggnog:30NUX@2
m006,1_annotated,mpeA,"C-phycoerythrin class II, alpha chain",Photosynthesis,BL107,IV,Synechococcus sp. BL107,BL107_08951,WP_009788996.1,165,True,False,B19,90.9,82.3,True,True,,cyanorak:CK_00007994;eggnog:1G5Z7@1117;eggnog:1GYRS@1129;eggnog:30NUX@2
m006,1_annotated,mpeA,"C-phycoerythrin class II, alpha chain",Photosynthesis,WH7803,V,Synechococcus WH7803,SynWH7803_0492,WP_011932406.1,165,True,False,B19,90.9,82.3,True,True,,cyanorak:CK_00007994;eggnog:1G5Z7@1117;eggnog:1GYRS@1129;eggnog:30NUX@2
m007,1_annotated,mpeB,"C-phycoerythrin class II, beta chain",Photosynthesis,CC9311,I,Synechococcus CC9311,sync_0505,WP_041426329.1,178,True,False,B19,90.8,79.0,True,True,,cyanorak:CK_00008005;eggnog:1GJRI@1117;eggnog:1GZ1G@1129;eggnog:31YMC@2
m007,1_annotated,mpeB,"C-phycoerythrin class II, beta chain",Photosynthesis,WH8109,II,Synechococcus WH8109,Syncc8109_0461,WP_006850273.1,178,True,True,B19,90.8,79.0,True,True,,cyanorak:CK_00008005;eggnog:1GJRI@1117;eggnog:1GZ1G@1129;eggnog:31YMC@2
m007,1_annotated,mpeB,"C-phycoerythrin class II, beta chain",Photosynthesis,WH8102,III,Synechococcus WH8102,SYNW2008,WP_011128866.1,178,True,False,B19,90.8,79.0,True,True,,cyanorak:CK_00008005;eggnog:1GJRI@1117;eggnog:1GZ1G@1129;eggnog:31YMC@2
m007,1_annotated,mpeB,"C-phycoerythrin class II, beta chain",Photosynthesis,BL107,IV,Synechococcus sp. BL107,BL107_08956,WP_037988737.1,178,True,False,B19,90.8,79.0,True,True,,cyanorak:CK_00008005;eggnog:1GJRI@1117;eggnog:1GZ1G@1129;eggnog:31YMC@2
m007,1_annotated,mpeB,"C-phycoerythrin class II, beta chain",Photosynthesis,WH7803,V,Synechococcus WH7803,SynWH7803_0493,WP_011932407.1,181,True,False,B19,90.8,79.0,True,True,,cyanorak:CK_00008005;eggnog:1GJRI@1117;eggnog:1GZ1G@1129;eggnog:31YMC@2
m011,1_annotated,unk7,nif11-like leader peptide domain protein,Unknown,CC9311,I,Synechococcus CC9311,SYNC_RS02450,WP_041426330.1,77,True,False,B19,60.5,48.1,True,True,"73 aa and 48% minimum pairwise identity; short and divergent, weak query",cyanorak:CK_00001836;eggnog:1GNR8@1117;eggnog:1H1FE@1129;eggnog:30S4U@2
m011,1_annotated,unk7,nif11-like leader peptide domain protein,Unknown,WH8109,II,Synechococcus WH8109,Syncc8109_0465,WP_071823037.1,77,True,False,B19,60.5,48.1,True,True,"73 aa and 48% minimum pairwise identity; short and divergent, weak query",cyanorak:CK_00001836;eggnog:1GNR8@1117;eggnog:1H1FE@1129;eggnog:30S4U@2
m011,1_annotated,unk7,nif11-like leader peptide domain protein,Unknown,WH8102,III,Synechococcus WH8102,TX72_RS10080,WP_042503822.1,77,True,False,B19,60.5,48.1,True,True,"73 aa and 48% minimum pairwise identity; short and divergent, weak query",cyanorak:CK_00001836;eggnog:1GNR8@1117;eggnog:1H1FE@1129;eggnog:30S4U@2
m011,1_annotated,unk7,nif11-like leader peptide domain protein,Unknown,BL107,IV,Synechococcus sp. BL107,BL107_08976,WP_009789001.1,73,True,True,B19,60.5,48.1,True,True,"73 aa and 48% minimum pairwise identity; short and divergent, weak query",cyanorak:CK_00001836;eggnog:1GNR8@1117;eggnog:1H1FE@1129;eggnog:30S4U@2
m011,1_annotated,unk7,nif11-like leader peptide domain protein,Unknown,WH7803,V,Synechococcus WH7803,SynWH7803_0496,WP_011932410.1,196,True,False,B19,60.5,48.1,True,True,"73 aa and 48% minimum pairwise identity; short and divergent, weak query",cyanorak:CK_00001836;eggnog:1GNR8@1117;eggnog:1H1FE@1129;eggnog:30S4U@2
m020,2_exploratory,,conserved hypothetical protein,Unknown,CC9311,I,Synechococcus CC9311,sync_2842,WP_011620730.1,66,True,False,,45.4,33.9,False,False,,cyanorak:CK_00048382;eggnog:1GNWW@1117;eggnog:1H1SW@1129;eggnog:30TUC@2
m020,2_exploratory,,conserved hypothetical protein,Unknown,WH8109,II,Synechococcus WH8109,Syncc8109_1103,WP_025362228.1,63,True,True,,45.4,33.9,False,False,,cyanorak:CK_00048382;eggnog:1GNWW@1117;eggnog:1H1SW@1129;eggnog:30TUC@2
m020,2_exploratory,,conserved hypothetical protein,Unknown,WH8102,III,Synechococcus WH8102,S8102_15941,,,False,False,,45.4,33.9,False,False,,cyanorak:CK_00048382;eggnog:1GNWW@1117;eggnog:1H1SW@1129;eggnog:30TUC@2
m020,2_exploratory,,conserved hypothetical protein,Unknown,BL107,IV,Synechococcus sp. BL107,BL107_11491,WP_009789481.1,63,True,False,,45.4,33.9,False,False,,cyanorak:CK_00048382;eggnog:1GNWW@1117;eggnog:1H1SW@1129;eggnog:30TUC@2
m020,2_exploratory,,conserved hypothetical protein,Unknown,WH7803,V,Synechococcus WH7803,SynWH7803_0887,,,False,False,,45.4,33.9,False,False,,cyanorak:CK_00048382;eggnog:1GNWW@1117;eggnog:1H1SW@1129;eggnog:30TUC@2
m045,2_exploratory,,uncharacterized conserved secreted protein,Unknown,CC9311,I,Synechococcus CC9311,sync_1789,WP_011619706.1,51,True,True,,64.7,56.5,False,False,,cyanorak:CK_00051877;eggnog:1GNZY@1117;eggnog:1H1ZY@1129;eggnog:306PX@2
m045,2_exploratory,,uncharacterized conserved secreted protein,Unknown,WH8109,II,Synechococcus WH8109,Syncc8109_1619,WP_006851686.1,77,True,False,,64.7,56.5,False,False,,cyanorak:CK_00051877;eggnog:1GNZY@1117;eggnog:1H1ZY@1129;eggnog:306PX@2
m045,2_exploratory,,uncharacterized conserved secreted protein,Unknown,WH8102,III,Synechococcus WH8102,SYNW2557,,,False,False,,64.7,56.5,False,False,,cyanorak:CK_00051877;eggnog:1GNZY@1117;eggnog:1H1ZY@1129;eggnog:306PX@2
m045,2_exploratory,,uncharacterized conserved secreted protein,Unknown,BL107,IV,Synechococcus sp. BL107,BL107_RS08895,WP_037988405.1,81,True,False,,64.7,56.5,False,False,,cyanorak:CK_00051877;eggnog:1GNZY@1117;eggnog:1H1ZY@1129;eggnog:306PX@2
m045,2_exploratory,,uncharacterized conserved secreted protein,Unknown,WH7803,V,Synechococcus WH7803,SynWH7803_0844,WP_011932752.1,67,True,False,,64.7,56.5,False,False,,cyanorak:CK_00051877;eggnog:1GNZY@1117;eggnog:1H1ZY@1129;eggnog:306PX@2
m048,2_exploratory,,putative membrane protein,Cell wall and membrane,CC9311,I,Synechococcus CC9311,sync_0527,,,False,False,,,,False,False,,cyanorak:CK_00002723
m048,2_exploratory,,putative membrane protein,Cell wall and membrane,WH8109,II,Synechococcus WH8109,Syncc8109_0497,,,False,False,,,,False,False,,cyanorak:CK_00002723
m048,2_exploratory,,putative membrane protein,Cell wall and membrane,WH8102,III,Synechococcus WH8102,S8102_22071,,,False,False,,,,False,False,,cyanorak:CK_00002723
m048,2_exploratory,,putative membrane protein,Cell wall and membrane,BL107,IV,Synechococcus sp. BL107,SynBL107_50002,,,False,False,,,,False,False,,cyanorak:CK_00002723
m048,2_exploratory,,putative membrane protein,Cell wall and membrane,WH7803,V,Synechococcus WH7803,SynWH7803_2545,,,False,False,,,,False,False,,cyanorak:CK_00002723
m013,2_exploratory,,uncharacterized conserved membrane protein,Cell wall and membrane,CC9311,I,Synechococcus CC9311,sync_0207,WP_041426281.1,104,True,False,B01,63.2,46.1,False,False,,cyanorak:CK_00001545;eggnog:1GFTG@1117;eggnog:1H14V@1129;eggnog:2ZR77@2
m013,2_exploratory,,uncharacterized conserved membrane protein,Cell wall and membrane,WH8109,II,Synechococcus WH8109,Syncc8109_0163,WP_006851771.1,116,True,False,B01,63.2,46.1,False,False,,cyanorak:CK_00001545;eggnog:1GFTG@1117;eggnog:1H14V@1129;eggnog:2ZR77@2
m013,2_exploratory,,uncharacterized conserved membrane protein,Cell wall and membrane,WH8102,III,Synechococcus WH8102,SYNW0158,WP_011127034.1,106,True,False,B01,63.2,46.1,False,False,,cyanorak:CK_00001545;eggnog:1GFTG@1117;eggnog:1H14V@1129;eggnog:2ZR77@2
m013,2_exploratory,,uncharacterized conserved membrane protein,Cell wall and membrane,BL107,IV,Synechococcus sp. BL107,BL107_05734,WP_009788374.1,105,True,True,B01,63.2,46.1,False,False,,cyanorak:CK_00001545;eggnog:1GFTG@1117;eggnog:1H14V@1129;eggnog:2ZR77@2
m013,2_exploratory,,uncharacterized conserved membrane protein,Cell wall and membrane,WH7803,V,Synechococcus WH7803,SynWH7803_0211,WP_011932141.1,101,True,False,B01,63.2,46.1,False,False,,cyanorak:CK_00001545;eggnog:1GFTG@1117;eggnog:1H14V@1129;eggnog:2ZR77@2
m051,2_exploratory,,uncharacterized conserved membrane protein,Unknown,CC9311,I,Synechococcus CC9311,sync_0322,WP_041426303.1,165,True,False,B02,59.6,48.4,False,False,,eggnog:1GNHQ@1117;eggnog:1H0Z7@1129;eggnog:33ZED@2
m051,2_exploratory,,uncharacterized conserved membrane protein,Unknown,WH8109,II,Synechococcus WH8109,Syncc8109_RS12765,WP_025362043.1,167,True,False,B02,59.6,48.4,False,False,,eggnog:1GNHQ@1117;eggnog:1H0Z7@1129;eggnog:33ZED@2
m051,2_exploratory,,uncharacterized conserved membrane protein,Unknown,WH8102,III,Synechococcus WH8102,TX72_RS14610,WP_071820816.1,167,True,False,B02,59.6,48.4,False,False,,eggnog:1GNHQ@1117;eggnog:1H0Z7@1129;eggnog:33ZED@2
m051,2_exploratory,,uncharacterized conserved membrane protein,Unknown,BL107,IV,Synechococcus sp. BL107,BL107_07994,WP_009788816.1,167,True,False,B02,59.6,48.4,False,False,,eggnog:1GNHQ@1117;eggnog:1H0Z7@1129;eggnog:33ZED@2
m051,2_exploratory,,uncharacterized conserved membrane protein,Unknown,WH7803,V,Synechococcus WH7803,SynWH7803_0325,WP_011932251.1,156,True,True,B02,59.6,48.4,False,False,,eggnog:1GNHQ@1117;eggnog:1H0Z7@1129;eggnog:33ZED@2
m042,2_exploratory,,conserved hypothetical protein,Stress response and adaptation,CC9311,I,Synechococcus CC9311,sync_0829,WP_041426401.1,82,True,False,B04,78.3,64.4,False,False,,cyanorak:CK_00047412;eggnog:1GNJI@1117;eggnog:1H11K@1129;eggnog:30SP8@2
m042,2_exploratory,,conserved hypothetical protein,Stress response and adaptation,WH8109,II,Synechococcus WH8109,Syncc8109_2223,WP_006850125.1,87,True,True,B04,78.3,64.4,False,False,,cyanorak:CK_00047412;eggnog:1GNJI@1117;eggnog:1H11K@1129;eggnog:30SP8@2
m042,2_exploratory,,conserved hypothetical protein,Stress response and adaptation,WH8102,III,Synechococcus WH8102,SYNW0541,WP_011127410.1,87,True,False,B04,78.3,64.4,False,False,,cyanorak:CK_00047412;eggnog:1GNJI@1117;eggnog:1H11K@1129;eggnog:30SP8@2
m042,2_exploratory,,conserved hypothetical protein,Stress response and adaptation,BL107,IV,Synechococcus sp. BL107,BL107_16460,WP_009790448.1,87,True,False,B04,78.3,64.4,False,False,,cyanorak:CK_00047412;eggnog:1GNJI@1117;eggnog:1H11K@1129;eggnog:30SP8@2
m042,2_exploratory,,conserved hypothetical protein,Stress response and adaptation,WH7803,V,Synechococcus WH7803,SynWH7803_1682,WP_011933580.1,85,True,False,B04,78.3,64.4,False,False,,cyanorak:CK_00047412;eggnog:1GNJI@1117;eggnog:1H11K@1129;eggnog:30SP8@2
m043,2_exploratory,,putative membrane protein,Cell wall and membrane,CC9311,I,Synechococcus CC9311,sync_2266,WP_011620175.1,256,True,False,B04,71.6,46.9,False,False,,cyanorak:CK_00001810;eggnog:1GMBZ@1117;eggnog:1GYTK@1129;eggnog:32H4E@2
m043,2_exploratory,,putative membrane protein,Cell wall and membrane,WH8109,II,Synechococcus WH8109,Syncc8109_2238,WP_006852088.1,245,True,False,B04,71.6,46.9,False,False,,cyanorak:CK_00001810;eggnog:1GMBZ@1117;eggnog:1GYTK@1129;eggnog:32H4E@2
m043,2_exploratory,,putative membrane protein,Cell wall and membrane,WH8102,III,Synechococcus WH8102,SYNW0528,WP_011127398.1,94,True,True,B04,71.6,46.9,False,False,,cyanorak:CK_00001810;eggnog:1GMBZ@1117;eggnog:1GYTK@1129;eggnog:32H4E@2
m043,2_exploratory,,putative membrane protein,Cell wall and membrane,BL107,IV,Synechococcus sp. BL107,BL107_16525,WP_009790461.1,242,True,False,B04,71.6,46.9,False,False,,cyanorak:CK_00001810;eggnog:1GMBZ@1117;eggnog:1GYTK@1129;eggnog:32H4E@2
m043,2_exploratory,,putative membrane protein,Cell wall and membrane,WH7803,V,Synechococcus WH7803,SynWH7803_1986,WP_011933881.1,257,True,False,B04,71.6,46.9,False,False,,cyanorak:CK_00001810;eggnog:1GMBZ@1117;eggnog:1GYTK@1129;eggnog:32H4E@2
m039,2_exploratory,,conserved hypothetical protein,Stress response and adaptation,CC9311,I,Synechococcus CC9311,sync_0923,WP_041426936.1,79,True,False,B05,58.3,36.9,False,False,,cyanorak:CK_00002066;eggnog:1GNPF@1117;eggnog:1H1AZ@1129;eggnog:30T4X@2
m039,2_exploratory,,conserved hypothetical protein,Stress response and adaptation,WH8109,II,Synechococcus WH8109,Syncc8109_2067,WP_006851314.1,73,True,True,B05,58.3,36.9,False,False,,cyanorak:CK_00002066;eggnog:1GNPF@1117;eggnog:1H1AZ@1129;eggnog:30T4X@2
m039,2_exploratory,,conserved hypothetical protein,Stress response and adaptation,WH8102,III,Synechococcus WH8102,SYNW0700,WP_011127567.1,76,True,False,B05,58.3,36.9,False,False,,cyanorak:CK_00002066;eggnog:1GNPF@1117;eggnog:1H1AZ@1129;eggnog:30T4X@2
m039,2_exploratory,,conserved hypothetical protein,Stress response and adaptation,BL107,IV,Synechococcus sp. BL107,BL107_15615,WP_232192989.1,68,True,False,B05,58.3,36.9,False,False,,cyanorak:CK_00002066;eggnog:1GNPF@1117;eggnog:1H1AZ@1129;eggnog:30T4X@2
m039,2_exploratory,,conserved hypothetical protein,Stress response and adaptation,WH7803,V,Synechococcus WH7803,SynWH7803_1619,WP_011933520.1,81,True,False,B05,58.3,36.9,False,False,,cyanorak:CK_00002066;eggnog:1GNPF@1117;eggnog:1H1AZ@1129;eggnog:30T4X@2
m037,2_exploratory,,conserved hypothetical protein,Unknown,CC9311,I,Synechococcus CC9311,sync_0982,WP_237699279.1,145,True,False,B06,51.1,38.2,False,False,,cyanorak:CK_00001724;eggnog:1GNP1@1117;eggnog:1H19K@1129;eggnog:30T2G@2
m037,2_exploratory,,conserved hypothetical protein,Unknown,WH8109,II,Synechococcus WH8109,Syncc8109_2031,WP_006850973.1,148,True,False,B06,51.1,38.2,False,False,,cyanorak:CK_00001724;eggnog:1GNP1@1117;eggnog:1H19K@1129;eggnog:30T2G@2
m037,2_exploratory,,conserved hypothetical protein,Unknown,WH8102,III,Synechococcus WH8102,SYNW0734,WP_011127599.1,152,True,True,B06,51.1,38.2,False,False,,cyanorak:CK_00001724;eggnog:1GNP1@1117;eggnog:1H19K@1129;eggnog:30T2G@2
m037,2_exploratory,,conserved hypothetical protein,Unknown,BL107,IV,Synechococcus sp. BL107,BL107_15405,WP_009790246.1,146,True,False,B06,51.1,38.2,False,False,,cyanorak:CK_00001724;eggnog:1GNP1@1117;eggnog:1H19K@1129;eggnog:30T2G@2
m037,2_exploratory,,conserved hypothetical protein,Unknown,WH7803,V,Synechococcus WH7803,SynWH7803_1578,WP_011933481.1,153,True,False,B06,51.1,38.2,False,False,,cyanorak:CK_00001724;eggnog:1GNP1@1117;eggnog:1H19K@1129;eggnog:30T2G@2
m038,2_exploratory,,conserved hypothetical protein,Stress response and adaptation,CC9311,I,Synechococcus CC9311,sync_0981,WP_011618916.1,68,True,False,B06,68.3,59.7,False,False,,cyanorak:CK_00001926;eggnog:1GRJ5@1117;eggnog:1H1NY@1129;eggnog:323D3@2
m038,2_exploratory,,conserved hypothetical protein,Stress response and adaptation,WH8109,II,Synechococcus WH8109,Syncc8109_2032,WP_006850367.1,69,True,False,B06,68.3,59.7,False,False,,cyanorak:CK_00001926;eggnog:1GRJ5@1117;eggnog:1H1NY@1129;eggnog:323D3@2
m038,2_exploratory,,conserved hypothetical protein,Stress response and adaptation,WH8102,III,Synechococcus WH8102,TX72_RS03575,WP_042503137.1,67,True,False,B06,68.3,59.7,False,False,,cyanorak:CK_00001926;eggnog:1GRJ5@1117;eggnog:1H1NY@1129;eggnog:323D3@2
m038,2_exploratory,,conserved hypothetical protein,Stress response and adaptation,BL107,IV,Synechococcus sp. BL107,BL107_15410,WP_037989016.1,69,True,True,B06,68.3,59.7,False,False,,cyanorak:CK_00001926;eggnog:1GRJ5@1117;eggnog:1H1NY@1129;eggnog:323D3@2
m038,2_exploratory,,conserved hypothetical protein,Stress response and adaptation,WH7803,V,Synechococcus WH7803,SynWH7803_1579,WP_011933482.1,68,True,False,B06,68.3,59.7,False,False,,cyanorak:CK_00001926;eggnog:1GRJ5@1117;eggnog:1H1NY@1129;eggnog:323D3@2
m052,2_exploratory,,uncharacterized conserved secreted protein,Unknown,CC9311,I,Synechococcus CC9311,sync_0985,WP_011618920.1,184,True,False,B06,55.0,0.0,False,False,,eggnog:1GN9Q@1117;eggnog:1H0KX@1129;eggnog:32ICD@2
m052,2_exploratory,,uncharacterized conserved secreted protein,Unknown,WH8109,II,Synechococcus WH8109,Syncc8109_2028,WP_052328033.1,162,True,True,B06,55.0,0.0,False,False,,eggnog:1GN9Q@1117;eggnog:1H0KX@1129;eggnog:32ICD@2
m052,2_exploratory,,uncharacterized conserved secreted protein,Unknown,WH8102,III,Synechococcus WH8102,TX72_RS14675,WP_225867735.1,69,True,False,B06,55.0,0.0,False,False,,eggnog:1GN9Q@1117;eggnog:1H0KX@1129;eggnog:32ICD@2
m052,2_exploratory,,uncharacterized conserved secreted protein,Unknown,BL107,IV,Synechococcus sp. BL107,BL107_15390,WP_009790243.1,168,True,False,B06,55.0,0.0,False,False,,eggnog:1GN9Q@1117;eggnog:1H0KX@1129;eggnog:32ICD@2
m052,2_exploratory,,uncharacterized conserved secreted protein,Unknown,WH7803,V,Synechococcus WH7803,SynWH7803_1575,WP_011933478.1,183,True,False,B06,55.0,0.0,False,False,,eggnog:1GN9Q@1117;eggnog:1H0KX@1129;eggnog:32ICD@2
m036,2_exploratory,,conserved hypothetical protein,Unknown,CC9311,I,Synechococcus CC9311,sync_1710,WP_011619627.1,109,True,False,B07,62.5,53.2,False,False,,cyanorak:CK_00001721;eggnog:1GNC4@1117;eggnog:1H0QV@1129;eggnog:2ZT3I@2
m036,2_exploratory,,conserved hypothetical protein,Unknown,WH8109,II,Synechococcus WH8109,Syncc8109_0817,WP_025362170.1,95,True,True,B07,62.5,53.2,False,False,,cyanorak:CK_00001721;eggnog:1GNC4@1117;eggnog:1H0QV@1129;eggnog:2ZT3I@2
m036,2_exploratory,,conserved hypothetical protein,Unknown,WH8102,III,Synechococcus WH8102,SYNW0786,WP_011127651.1,107,True,False,B07,62.5,53.2,False,False,,cyanorak:CK_00001721;eggnog:1GNC4@1117;eggnog:1H0QV@1129;eggnog:2ZT3I@2
m036,2_exploratory,,conserved hypothetical protein,Unknown,BL107,IV,Synechococcus sp. BL107,BL107_15090,WP_009790184.1,95,True,False,B07,62.5,53.2,False,False,,cyanorak:CK_00001721;eggnog:1GNC4@1117;eggnog:1H0QV@1129;eggnog:2ZT3I@2
m036,2_exploratory,,conserved hypothetical protein,Unknown,WH7803,V,Synechococcus WH7803,SynWH7803_1150,WP_083833632.1,116,True,False,B07,62.5,53.2,False,False,,cyanorak:CK_00001721;eggnog:1GNC4@1117;eggnog:1H0QV@1129;eggnog:2ZT3I@2
m034,2_exploratory,,conserved hypothetical protein,Unknown,CC9311,I,Synechococcus CC9311,sync_2062,WP_011619977.1,80,True,False,B08,77.6,70.3,False,False,,cyanorak:CK_00001856;eggnog:1GNVV@1117;eggnog:1H1Q5@1129;eggnog:323DW@2
m034,2_exploratory,,conserved hypothetical protein,Unknown,WH8109,II,Synechococcus WH8109,Syncc8109_0908,WP_006851999.1,83,True,False,B08,77.6,70.3,False,False,,cyanorak:CK_00001856;eggnog:1GNVV@1117;eggnog:1H1Q5@1129;eggnog:323DW@2
m034,2_exploratory,,conserved hypothetical protein,Unknown,WH8102,III,Synechococcus WH8102,SYNW0869,WP_011127734.1,83,True,True,B08,77.6,70.3,False,False,,cyanorak:CK_00001856;eggnog:1GNVV@1117;eggnog:1H1Q5@1129;eggnog:323DW@2
m034,2_exploratory,,conserved hypothetical protein,Unknown,BL107,IV,Synechococcus sp. BL107,BL107_14640,WP_009790096.1,89,True,False,B08,77.6,70.3,False,False,,cyanorak:CK_00001856;eggnog:1GNVV@1117;eggnog:1H1Q5@1129;eggnog:323DW@2
m034,2_exploratory,,conserved hypothetical protein,Unknown,WH7803,V,Synechococcus WH7803,SynWH7803_0946,WP_011932854.1,81,True,False,B08,77.6,70.3,False,False,,cyanorak:CK_00001856;eggnog:1GNVV@1117;eggnog:1H1Q5@1129;eggnog:323DW@2
m035,2_exploratory,,conserved hypothetical protein,Unknown,CC9311,I,Synechococcus CC9311,sync_1182,WP_011619113.1,110,True,False,B08,82.8,63.3,False,False,,cyanorak:CK_00044532;eggnog:1GNM7@1117;eggnog:1H14S@1129;eggnog:2ZZIK@2
m035,2_exploratory,,conserved hypothetical protein,Unknown,WH8109,II,Synechococcus WH8109,Syncc8109_0887,WP_006849924.1,105,True,False,B08,82.8,63.3,False,False,,cyanorak:CK_00044532;eggnog:1GNM7@1117;eggnog:1H14S@1129;eggnog:2ZZIK@2
m035,2_exploratory,,conserved hypothetical protein,Unknown,WH8102,III,Synechococcus WH8102,SYNW0849,WP_042503207.1,101,True,True,B08,82.8,63.3,False,False,,cyanorak:CK_00044532;eggnog:1GNM7@1117;eggnog:1H14S@1129;eggnog:2ZZIK@2
m035,2_exploratory,,conserved hypothetical protein,Unknown,BL107,IV,Synechococcus sp. BL107,BL107_14730,WP_009790113.1,125,True,False,B08,82.8,63.3,False,False,,cyanorak:CK_00044532;eggnog:1GNM7@1117;eggnog:1H14S@1129;eggnog:2ZZIK@2
m035,2_exploratory,,conserved hypothetical protein,Unknown,WH7803,V,Synechococcus WH7803,SynWH7803_1410,WP_011933314.1,98,True,False,B08,82.8,63.3,False,False,,cyanorak:CK_00044532;eggnog:1GNM7@1117;eggnog:1H14S@1129;eggnog:2ZZIK@2
m046,2_exploratory,,conserved hypothetical protein,Unknown,CC9311,I,Synechococcus CC9311,sync_1841,WP_237699197.1,175,True,False,B08,63.3,47.7,False,False,,cyanorak:CK_00001902;eggnog:1GNAB@1117;eggnog:1H0MW@1129;eggnog:30S5U@2
m046,2_exploratory,,conserved hypothetical protein,Unknown,WH8109,II,Synechococcus WH8109,Syncc8109_0910,WP_232202456.1,170,True,True,B08,63.3,47.7,False,False,,cyanorak:CK_00001902;eggnog:1GNAB@1117;eggnog:1H0MW@1129;eggnog:30S5U@2
m046,2_exploratory,,conserved hypothetical protein,Unknown,WH8102,III,Synechococcus WH8102,SYNW0871,WP_011127736.1,167,True,False,B08,63.3,47.7,False,False,,cyanorak:CK_00001902;eggnog:1GNAB@1117;eggnog:1H0MW@1129;eggnog:30S5U@2
m046,2_exploratory,,conserved hypothetical protein,Unknown,BL107,IV,Synechococcus sp. BL107,BL107_RS09340,WP_050749847.1,189,True,False,B08,63.3,47.7,False,False,,cyanorak:CK_00001902;eggnog:1GNAB@1117;eggnog:1H0MW@1129;eggnog:30S5U@2
m046,2_exploratory,,conserved hypothetical protein,Unknown,WH7803,V,Synechococcus WH7803,SYNWH7803_RS03360,WP_011932577.1,203,True,False,B08,63.3,47.7,False,False,,cyanorak:CK_00001902;eggnog:1GNAB@1117;eggnog:1H0MW@1129;eggnog:30S5U@2
m023,2_exploratory,,conserved hypothetical protein,Unknown,CC9311,I,Synechococcus CC9311,sync_0866,WP_049750388.1,113,True,False,B09,65.8,52.1,False,False,,cyanorak:CK_00001848;eggnog:1GNQ0@1117;eggnog:1H1CI@1129;eggnog:32356@2
m023,2_exploratory,,conserved hypothetical protein,Unknown,WH8109,II,Synechococcus WH8109,Syncc8109_1036,WP_006852071.1,102,True,False,B09,65.8,52.1,False,False,,cyanorak:CK_00001848;eggnog:1GNQ0@1117;eggnog:1H1CI@1129;eggnog:32356@2
m023,2_exploratory,,conserved hypothetical protein,Unknown,WH8102,III,Synechococcus WH8102,SYNW0979,WP_148228857.1,102,True,False,B09,65.8,52.1,False,False,,cyanorak:CK_00001848;eggnog:1GNQ0@1117;eggnog:1H1CI@1129;eggnog:32356@2
m023,2_exploratory,,conserved hypothetical protein,Unknown,BL107,IV,Synechococcus sp. BL107,BL107_12475,WP_009789673.1,100,True,False,B09,65.8,52.1,False,False,,cyanorak:CK_00001848;eggnog:1GNQ0@1117;eggnog:1H1CI@1129;eggnog:32356@2
m023,2_exploratory,,conserved hypothetical protein,Unknown,WH7803,V,Synechococcus WH7803,SynWH7803_1007,WP_011932915.1,105,True,True,B09,65.8,52.1,False,False,,cyanorak:CK_00001848;eggnog:1GNQ0@1117;eggnog:1H1CI@1129;eggnog:32356@2
m044,2_exploratory,,uncharacterized conserved membrane protein,Stress response and adaptation,CC9311,I,Synechococcus CC9311,sync_1774,WP_011619691.1,82,True,False,B10,63.5,45.0,False,False,,cyanorak:CK_00045320;eggnog:1GNWY@1117;eggnog:1H1T1@1129;eggnog:30UA3@2
m044,2_exploratory,,uncharacterized conserved membrane protein,Stress response and adaptation,WH8109,II,Synechococcus WH8109,Syncc8109_RS11805,WP_369792006.1,52,True,True,B10,63.5,45.0,False,False,,cyanorak:CK_00045320;eggnog:1GNWY@1117;eggnog:1H1T1@1129;eggnog:30UA3@2
m044,2_exploratory,,uncharacterized conserved membrane protein,Stress response and adaptation,WH8102,III,Synechococcus WH8102,TX72_RS05290,WP_042504271.1,79,True,False,B10,63.5,45.0,False,False,,cyanorak:CK_00045320;eggnog:1GNWY@1117;eggnog:1H1T1@1129;eggnog:30UA3@2
m044,2_exploratory,,uncharacterized conserved membrane protein,Stress response and adaptation,BL107,IV,Synechococcus sp. BL107,BL107_16885,WP_037988557.1,81,True,False,B10,63.5,45.0,False,False,,cyanorak:CK_00045320;eggnog:1GNWY@1117;eggnog:1H1T1@1129;eggnog:30UA3@2
m044,2_exploratory,,uncharacterized conserved membrane protein,Stress response and adaptation,WH7803,V,Synechococcus WH7803,SynWH7803_1000,WP_011932908.1,80,True,False,B10,63.5,45.0,False,False,,cyanorak:CK_00045320;eggnog:1GNWY@1117;eggnog:1H1T1@1129;eggnog:30UA3@2
m029,2_exploratory,,conserved hypothetical protein,Unknown,CC9311,I,Synechococcus CC9311,sync_1663,WP_041426580.1,154,True,True,B11,52.8,34.4,False,True,,cyanorak:CK_00048772;eggnog:1GNR1@1117;eggnog:1H1EZ@1129;eggnog:3236G@2
m029,2_exploratory,,conserved hypothetical protein,Unknown,WH8109,II,Synechococcus WH8109,Syncc8109_1402,WP_369792020.1,152,True,False,B11,52.8,34.4,False,True,,cyanorak:CK_00048772;eggnog:1GNR1@1117;eggnog:1H1EZ@1129;eggnog:3236G@2
m029,2_exploratory,,conserved hypothetical protein,Unknown,WH8102,III,Synechococcus WH8102,SYNW1157,WP_225867745.1,151,True,False,B11,52.8,34.4,False,True,,cyanorak:CK_00048772;eggnog:1GNR1@1117;eggnog:1H1EZ@1129;eggnog:3236G@2
m029,2_exploratory,,conserved hypothetical protein,Unknown,BL107,IV,Synechococcus sp. BL107,BL107_13375,WP_009789846.1,154,True,False,B11,52.8,34.4,False,True,,cyanorak:CK_00048772;eggnog:1GNR1@1117;eggnog:1H1EZ@1129;eggnog:3236G@2
m029,2_exploratory,,conserved hypothetical protein,Unknown,WH7803,V,Synechococcus WH7803,SynWH7803_1485,WP_011933388.1,135,True,False,B11,52.8,34.4,False,True,,cyanorak:CK_00048772;eggnog:1GNR1@1117;eggnog:1H1EZ@1129;eggnog:3236G@2
m049,2_exploratory,,conserved hypothetical protein,Unknown,CC9311,I,Synechococcus CC9311,sync_1680,WP_011619598.1,80,True,False,B11,69.7,61.0,False,False,,cyanorak:CK_00043632;eggnog:1GRJJ@1117;eggnog:1H1SF@1129;eggnog:30TU4@2
m049,2_exploratory,,conserved hypothetical protein,Unknown,WH8109,II,Synechococcus WH8109,Syncc8109_1386,,,False,False,B11,69.7,61.0,False,False,,cyanorak:CK_00043632;eggnog:1GRJJ@1117;eggnog:1H1SF@1129;eggnog:30TU4@2
m049,2_exploratory,,conserved hypothetical protein,Unknown,WH8102,III,Synechococcus WH8102,TX72_RS13180,WP_071820841.1,78,True,False,B11,69.7,61.0,False,False,,cyanorak:CK_00043632;eggnog:1GRJJ@1117;eggnog:1H1SF@1129;eggnog:30TU4@2
m049,2_exploratory,,conserved hypothetical protein,Unknown,BL107,IV,Synechococcus sp. BL107,BL107_17408,,,False,False,B11,69.7,61.0,False,False,,cyanorak:CK_00043632;eggnog:1GRJJ@1117;eggnog:1H1SF@1129;eggnog:30TU4@2
m049,2_exploratory,,conserved hypothetical protein,Unknown,WH7803,V,Synechococcus WH7803,SynWH7803_1481,WP_011933384.1,79,True,True,B11,69.7,61.0,False,False,,cyanorak:CK_00043632;eggnog:1GRJJ@1117;eggnog:1H1SF@1129;eggnog:30TU4@2
m026,2_exploratory,,"conserved hypothetical protein, Ycf35 family",Unknown,CC9311,I,Synechococcus CC9311,sync_1380,WP_011619305.1,123,True,False,B12,47.0,33.0,False,False,,cyanorak:CK_00002133;eggnog:1GP28@1117;eggnog:1H24I@1129;eggnog:30FM8@2
m026,2_exploratory,,"conserved hypothetical protein, Ycf35 family",Unknown,WH8109,II,Synechococcus WH8109,Syncc8109_1278,WP_006851848.1,116,True,False,B12,47.0,33.0,False,False,,cyanorak:CK_00002133;eggnog:1GP28@1117;eggnog:1H24I@1129;eggnog:30FM8@2
m026,2_exploratory,,"conserved hypothetical protein, Ycf35 family",Unknown,WH8102,III,Synechococcus WH8102,SYNW1260,WP_011128124.1,116,True,False,B12,47.0,33.0,False,False,,cyanorak:CK_00002133;eggnog:1GP28@1117;eggnog:1H24I@1129;eggnog:30FM8@2
m026,2_exploratory,,"conserved hypothetical protein, Ycf35 family",Unknown,BL107,IV,Synechococcus sp. BL107,BL107_12880,WP_009789753.1,118,True,True,B12,47.0,33.0,False,False,,cyanorak:CK_00002133;eggnog:1GP28@1117;eggnog:1H24I@1129;eggnog:30FM8@2
m026,2_exploratory,,"conserved hypothetical protein, Ycf35 family",Unknown,WH7803,V,Synechococcus WH7803,SynWH7803_1255,WP_011933161.1,124,True,False,B12,47.0,33.0,False,False,,cyanorak:CK_00002133;eggnog:1GP28@1117;eggnog:1H24I@1129;eggnog:30FM8@2
m027,2_exploratory,,uncharacterized conserved secreted protein,Unknown,CC9311,I,Synechococcus CC9311,sync_1360,WP_011619285.1,104,True,False,B12,78.5,69.3,False,False,,cyanorak:CK_00001784;eggnog:1GNJK@1117;eggnog:1H11N@1129;eggnog:322YF@2
m027,2_exploratory,,uncharacterized conserved secreted protein,Unknown,WH8109,II,Synechococcus WH8109,Syncc8109_1296,WP_006850242.1,95,True,False,B12,78.5,69.3,False,False,,cyanorak:CK_00001784;eggnog:1GNJK@1117;eggnog:1H11N@1129;eggnog:322YF@2
m027,2_exploratory,,uncharacterized conserved secreted protein,Unknown,WH8102,III,Synechococcus WH8102,SYNW1245,WP_011128109.1,95,True,True,B12,78.5,69.3,False,False,,cyanorak:CK_00001784;eggnog:1GNJK@1117;eggnog:1H11N@1129;eggnog:322YF@2
m027,2_exploratory,,uncharacterized conserved secreted protein,Unknown,BL107,IV,Synechococcus sp. BL107,BL107_12965,WP_009789768.1,95,True,False,B12,78.5,69.3,False,False,,cyanorak:CK_00001784;eggnog:1GNJK@1117;eggnog:1H11N@1129;eggnog:322YF@2
m027,2_exploratory,,uncharacterized conserved secreted protein,Unknown,WH7803,V,Synechococcus WH7803,SynWH7803_1270,WP_011933176.1,100,True,False,B12,78.5,69.3,False,False,,cyanorak:CK_00001784;eggnog:1GNJK@1117;eggnog:1H11N@1129;eggnog:322YF@2
m028,2_exploratory,,conserved hypothetical protein,Unknown,CC9311,I,Synechococcus CC9311,sync_1356,WP_041426984.1,192,True,False,B12,67.7,51.8,False,False,,cyanorak:CK_00001611;eggnog:1GM8E@1117;eggnog:1GYHW@1129;eggnog:3213E@2
m028,2_exploratory,,conserved hypothetical protein,Unknown,WH8109,II,Synechococcus WH8109,Syncc8109_1300,WP_006850013.1,184,True,True,B12,67.7,51.8,False,False,,cyanorak:CK_00001611;eggnog:1GM8E@1117;eggnog:1GYHW@1129;eggnog:3213E@2
m028,2_exploratory,,conserved hypothetical protein,Unknown,WH8102,III,Synechococcus WH8102,SYNW1241,WP_011128105.1,184,True,False,B12,67.7,51.8,False,False,,cyanorak:CK_00001611;eggnog:1GM8E@1117;eggnog:1GYHW@1129;eggnog:3213E@2
m028,2_exploratory,,conserved hypothetical protein,Unknown,BL107,IV,Synechococcus sp. BL107,BL107_12985,WP_009789772.1,184,True,False,B12,67.7,51.8,False,False,,cyanorak:CK_00001611;eggnog:1GM8E@1117;eggnog:1GYHW@1129;eggnog:3213E@2
m028,2_exploratory,,conserved hypothetical protein,Unknown,WH7803,V,Synechococcus WH7803,SynWH7803_1274,WP_011933180.1,190,True,False,B12,67.7,51.8,False,False,,cyanorak:CK_00001611;eggnog:1GM8E@1117;eggnog:1GYHW@1129;eggnog:3213E@2
m019,2_exploratory,,conserved hypothetical protein,Unknown,CC9311,I,Synechococcus CC9311,sync_0721,WP_041426379.1,130,True,False,B13,64.0,43.0,False,False,,cyanorak:CK_00001910;eggnog:1GNAM@1117;eggnog:1H0NC@1129;eggnog:322K7@2
m019,2_exploratory,,conserved hypothetical protein,Unknown,WH8109,II,Synechococcus WH8109,Syncc8109_0789,WP_006850327.1,132,True,False,B13,64.0,43.0,False,False,,cyanorak:CK_00001910;eggnog:1GNAM@1117;eggnog:1H0NC@1129;eggnog:322K7@2
m019,2_exploratory,,conserved hypothetical protein,Unknown,WH8102,III,Synechococcus WH8102,SYNW1390,WP_011128254.1,134,True,False,B13,64.0,43.0,False,False,,cyanorak:CK_00001910;eggnog:1GNAM@1117;eggnog:1H0NC@1129;eggnog:322K7@2
m019,2_exploratory,,conserved hypothetical protein,Unknown,BL107,IV,Synechococcus sp. BL107,BL107_10956,WP_232192799.1,92,True,False,B13,64.0,43.0,False,False,,cyanorak:CK_00001910;eggnog:1GNAM@1117;eggnog:1H0NC@1129;eggnog:322K7@2
m019,2_exploratory,,conserved hypothetical protein,Unknown,WH7803,V,Synechococcus WH7803,SynWH7803_0878,WP_011932786.1,138,True,True,B13,64.0,43.0,False,False,,cyanorak:CK_00001910;eggnog:1GNAM@1117;eggnog:1H0NC@1129;eggnog:322K7@2
m022,2_exploratory,,conserved hypothetical protein,Unknown,CC9311,I,Synechococcus CC9311,sync_1760,WP_011619677.1,66,True,False,B13,70.7,51.7,False,False,,cyanorak:CK_00002290;eggnog:1GNRH@1117;eggnog:1H1FY@1129;eggnog:32IR1@2
m022,2_exploratory,,conserved hypothetical protein,Unknown,WH8109,II,Synechococcus WH8109,Syncc8109_1182,WP_006851982.1,63,True,True,B13,70.7,51.7,False,False,,cyanorak:CK_00002290;eggnog:1GNRH@1117;eggnog:1H1FY@1129;eggnog:32IR1@2
m022,2_exploratory,,conserved hypothetical protein,Unknown,WH8102,III,Synechococcus WH8102,TX72_RS06715,WP_042503537.1,64,True,False,B13,70.7,51.7,False,False,,cyanorak:CK_00002290;eggnog:1GNRH@1117;eggnog:1H1FY@1129;eggnog:32IR1@2
m022,2_exploratory,,conserved hypothetical protein,Unknown,BL107,IV,Synechococcus sp. BL107,BL107_12465,WP_009789671.1,63,True,False,B13,70.7,51.7,False,False,,cyanorak:CK_00002290;eggnog:1GNRH@1117;eggnog:1H1FY@1129;eggnog:32IR1@2
m022,2_exploratory,,conserved hypothetical protein,Unknown,WH7803,V,Synechococcus WH7803,SynWH7803_0855,WP_011932763.1,67,True,False,B13,70.7,51.7,False,False,,cyanorak:CK_00002290;eggnog:1GNRH@1117;eggnog:1H1FY@1129;eggnog:32IR1@2
m024,2_exploratory,,uncharacterized conserved secreted protein,Unknown,CC9311,I,Synechococcus CC9311,sync_0830,WP_049750320.1,156,True,False,B13,45.5,36.8,False,False,,cyanorak:CK_00002132;eggnog:1GGMF@1117;eggnog:1H1IJ@1129;eggnog:2ZSR4@2
m024,2_exploratory,,uncharacterized conserved secreted protein,Unknown,WH8109,II,Synechococcus WH8109,Syncc8109_1184,WP_006850114.1,137,True,False,B13,45.5,36.8,False,False,,cyanorak:CK_00002132;eggnog:1GGMF@1117;eggnog:1H1IJ@1129;eggnog:2ZSR4@2
m024,2_exploratory,,uncharacterized conserved secreted protein,Unknown,WH8102,III,Synechococcus WH8102,SYNW1332,WP_225867678.1,131,True,False,B13,45.5,36.8,False,False,,cyanorak:CK_00002132;eggnog:1GGMF@1117;eggnog:1H1IJ@1129;eggnog:2ZSR4@2
m024,2_exploratory,,uncharacterized conserved secreted protein,Unknown,BL107,IV,Synechococcus sp. BL107,BL107_12515,WP_232192834.1,88,True,True,B13,45.5,36.8,False,False,,cyanorak:CK_00002132;eggnog:1GGMF@1117;eggnog:1H1IJ@1129;eggnog:2ZSR4@2
m024,2_exploratory,,uncharacterized conserved secreted protein,Unknown,WH7803,V,Synechococcus WH7803,SynWH7803_1681,WP_011933579.1,142,True,False,B13,45.5,36.8,False,False,,cyanorak:CK_00002132;eggnog:1GGMF@1117;eggnog:1H1IJ@1129;eggnog:2ZSR4@2
m025,2_exploratory,,conserved hypothetical protein,Unknown,CC9311,I,Synechococcus CC9311,sync_1425,WP_041426528.1,75,True,False,B13,64.9,56.0,False,False,,cyanorak:CK_00001783;eggnog:1GRIW@1117;eggnog:1H1KQ@1129;eggnog:31V9R@2
m025,2_exploratory,,conserved hypothetical protein,Unknown,WH8109,II,Synechococcus WH8109,Syncc8109_1231,WP_025362248.1,75,True,False,B13,64.9,56.0,False,False,,cyanorak:CK_00001783;eggnog:1GRIW@1117;eggnog:1H1KQ@1129;eggnog:31V9R@2
m025,2_exploratory,,conserved hypothetical protein,Unknown,WH8102,III,Synechococcus WH8102,SYNW1305,WP_042504304.1,75,True,True,B13,64.9,56.0,False,False,,cyanorak:CK_00001783;eggnog:1GRIW@1117;eggnog:1H1KQ@1129;eggnog:31V9R@2
m025,2_exploratory,,conserved hypothetical protein,Unknown,BL107,IV,Synechococcus sp. BL107,BL107_12640,WP_009789705.1,80,True,False,B13,64.9,56.0,False,False,,cyanorak:CK_00001783;eggnog:1GRIW@1117;eggnog:1H1KQ@1129;eggnog:31V9R@2
m025,2_exploratory,,conserved hypothetical protein,Unknown,WH7803,V,Synechococcus WH7803,SynWH7803_1208,WP_011933116.1,75,True,False,B13,64.9,56.0,False,False,,cyanorak:CK_00001783;eggnog:1GRIW@1117;eggnog:1H1KQ@1129;eggnog:31V9R@2
m030,2_exploratory,,uncharacterized conserved membrane protein,Unknown,CC9311,I,Synechococcus CC9311,sync_1764,WP_011619681.1,117,True,False,B13,49.2,40.7,False,False,,cyanorak:CK_00040838;eggnog:1GNRJ@1117;eggnog:1H1G0@1129;eggnog:30S79@2
m030,2_exploratory,,uncharacterized conserved membrane protein,Unknown,WH8109,II,Synechococcus WH8109,Syncc8109_1149,WP_006849846.1,117,True,False,B13,49.2,40.7,False,False,,cyanorak:CK_00040838;eggnog:1GNRJ@1117;eggnog:1H1G0@1129;eggnog:30S79@2
m030,2_exploratory,,uncharacterized conserved membrane protein,Unknown,WH8102,III,Synechococcus WH8102,SYNW1361,WP_011128225.1,117,True,True,B13,49.2,40.7,False,False,,cyanorak:CK_00040838;eggnog:1GNRJ@1117;eggnog:1H1G0@1129;eggnog:30S79@2
m030,2_exploratory,,uncharacterized conserved membrane protein,Unknown,BL107,IV,Synechococcus sp. BL107,BL107_14040,WP_009789977.1,104,True,False,B13,49.2,40.7,False,False,,cyanorak:CK_00040838;eggnog:1GNRJ@1117;eggnog:1H1G0@1129;eggnog:30S79@2
m030,2_exploratory,,uncharacterized conserved membrane protein,Unknown,WH7803,V,Synechococcus WH7803,SynWH7803_0962,WP_011932870.1,113,True,False,B13,49.2,40.7,False,False,,cyanorak:CK_00040838;eggnog:1GNRJ@1117;eggnog:1H1G0@1129;eggnog:30S79@2
m040,2_exploratory,,conserved hypothetical protein,Unknown,CC9311,I,Synechococcus CC9311,sync_1779,WP_011619696.1,76,True,False,B13,70.6,46.2,False,False,,cyanorak:CK_00048408;eggnog:1GNUR@1117;eggnog:1H1MK@1129;eggnog:30TQB@2
m040,2_exploratory,,conserved hypothetical protein,Unknown,WH8109,II,Synechococcus WH8109,Syncc8109_2133,WP_006850229.1,76,True,False,B13,70.6,46.2,False,False,,cyanorak:CK_00048408;eggnog:1GNUR@1117;eggnog:1H1MK@1129;eggnog:30TQB@2
m040,2_exploratory,,conserved hypothetical protein,Unknown,WH8102,III,Synechococcus WH8102,SYNW1378,WP_011128242.1,72,True,True,B13,70.6,46.2,False,False,,cyanorak:CK_00048408;eggnog:1GNUR@1117;eggnog:1H1MK@1129;eggnog:30TQB@2
m040,2_exploratory,,conserved hypothetical protein,Unknown,BL107,IV,Synechococcus sp. BL107,BL107_15930,WP_009790345.1,87,True,False,B13,70.6,46.2,False,False,,cyanorak:CK_00048408;eggnog:1GNUR@1117;eggnog:1H1MK@1129;eggnog:30TQB@2
m040,2_exploratory,,conserved hypothetical protein,Unknown,WH7803,V,Synechococcus WH7803,SynWH7803_0920,WP_011932828.1,72,True,False,B13,70.6,46.2,False,False,,cyanorak:CK_00048408;eggnog:1GNUR@1117;eggnog:1H1MK@1129;eggnog:30TQB@2
m047,2_exploratory,,conserved hypothetical protein,Stress response and adaptation,CC9311,I,Synechococcus CC9311,sync_1837,WP_041426613.1,88,True,False,B13,37.5,0.0,False,False,,cyanorak:CK_00002607;eggnog:1GP69@1117;eggnog:1H2BX@1129;eggnog:323WI@2
m047,2_exploratory,,conserved hypothetical protein,Stress response and adaptation,WH8109,II,Synechococcus WH8109,Syncc8109_2004,WP_006850989.1,89,True,True,B13,37.5,0.0,False,False,,cyanorak:CK_00002607;eggnog:1GP69@1117;eggnog:1H2BX@1129;eggnog:323WI@2
m047,2_exploratory,,conserved hypothetical protein,Stress response and adaptation,WH8102,III,Synechococcus WH8102,TX72_RS13905,WP_144416604.1,92,True,False,B13,37.5,0.0,False,False,,cyanorak:CK_00002607;eggnog:1GP69@1117;eggnog:1H2BX@1129;eggnog:323WI@2
m047,2_exploratory,,conserved hypothetical protein,Stress response and adaptation,BL107,IV,Synechococcus sp. BL107,BL107_RS13140,WP_232192969.1,48,True,False,B13,37.5,0.0,False,False,,cyanorak:CK_00002607;eggnog:1GP69@1117;eggnog:1H2BX@1129;eggnog:323WI@2
m047,2_exploratory,,conserved hypothetical protein,Stress response and adaptation,WH7803,V,Synechococcus WH7803,SynWH7803_1697,WP_011933595.1,121,True,False,B13,37.5,0.0,False,False,,cyanorak:CK_00002607;eggnog:1GP69@1117;eggnog:1H2BX@1129;eggnog:323WI@2
m021,2_exploratory,,conserved hypothetical protein,Unknown,CC9311,I,Synechococcus CC9311,sync_0995,WP_167897170.1,58,True,True,B14,60.0,60.0,False,False,,cyanorak:CK_00056191
m021,2_exploratory,,conserved hypothetical protein,Unknown,WH8109,II,Synechococcus WH8109,Syncc8109_1105,,,False,False,B14,60.0,60.0,False,False,,cyanorak:CK_00056191
m021,2_exploratory,,conserved hypothetical protein,Unknown,WH8102,III,Synechococcus WH8102,TX72_RS14445,WP_173358497.1,58,True,False,B14,60.0,60.0,False,False,,cyanorak:CK_00056191
m021,2_exploratory,,conserved hypothetical protein,Unknown,BL107,IV,Synechococcus sp. BL107,BL107_11501,,,False,False,B14,60.0,60.0,False,False,,cyanorak:CK_00056191
m021,2_exploratory,,conserved hypothetical protein,Unknown,WH7803,V,Synechococcus WH7803,SynWH7803_2549,,,False,False,B14,60.0,60.0,False,False,,cyanorak:CK_00056191
m031,2_exploratory,,nif11-like leader peptide domain protein,Unknown,CC9311,I,Synechococcus CC9311,sync_1792,WP_083756074.1,108,True,False,B14,65.6,42.4,True,True,,cyanorak:CK_00056823;eggnog:1GNR6@1117;eggnog:1H1FA@1129;eggnog:30TBH@2
m031,2_exploratory,,nif11-like leader peptide domain protein,Unknown,WH8109,II,Synechococcus WH8109,Syncc8109_2291,WP_232202413.1,102,True,False,B14,65.6,42.4,True,True,,cyanorak:CK_00056823;eggnog:1GNR6@1117;eggnog:1H1FA@1129;eggnog:30TBH@2
m031,2_exploratory,,nif11-like leader peptide domain protein,Unknown,WH8102,III,Synechococcus WH8102,SYNW1431,WP_011128295.1,75,True,False,B14,65.6,42.4,True,True,,cyanorak:CK_00056823;eggnog:1GNR6@1117;eggnog:1H1FA@1129;eggnog:30TBH@2
m031,2_exploratory,,nif11-like leader peptide domain protein,Unknown,BL107,IV,Synechococcus sp. BL107,BL107_14100,WP_006169687.1,78,True,False,B14,65.6,42.4,True,True,,cyanorak:CK_00056823;eggnog:1GNR6@1117;eggnog:1H1FA@1129;eggnog:30TBH@2
m031,2_exploratory,,nif11-like leader peptide domain protein,Unknown,WH7803,V,Synechococcus WH7803,SynWH7803_0939,WP_041428444.1,75,True,True,B14,65.6,42.4,True,True,,cyanorak:CK_00056823;eggnog:1GNR6@1117;eggnog:1H1FA@1129;eggnog:30TBH@2
m032,2_exploratory,,uncharacterized conserved membrane protein,Unknown,CC9311,I,Synechococcus CC9311,sync_1800,WP_237699192.1,99,True,False,B14,45.5,35.4,False,False,,cyanorak:CK_00043584
m032,2_exploratory,,uncharacterized conserved membrane protein,Unknown,WH8109,II,Synechococcus WH8109,Syncc8109_1624,WP_025362347.1,98,True,False,B14,45.5,35.4,False,False,,cyanorak:CK_00043584
m032,2_exploratory,,uncharacterized conserved membrane protein,Unknown,WH8102,III,Synechococcus WH8102,SYNW1445,WP_011128309.1,102,True,True,B14,45.5,35.4,False,False,,cyanorak:CK_00043584
m032,2_exploratory,,uncharacterized conserved membrane protein,Unknown,BL107,IV,Synechococcus sp. BL107,BL107_14185,,,False,False,B14,45.5,35.4,False,False,,cyanorak:CK_00043584
m032,2_exploratory,,uncharacterized conserved membrane protein,Unknown,WH7803,V,Synechococcus WH7803,SynWH7803_0943,WP_011932851.1,89,True,False,B14,45.5,35.4,False,False,,cyanorak:CK_00043584
m033,2_exploratory,,uncharacterized conserved membrane protein,Unknown,CC9311,I,Synechococcus CC9311,sync_1815,WP_167897106.1,47,True,False,B14,79.9,51.1,False,False,,cyanorak:CK_00034873;eggnog:1GNSD@1117;eggnog:1H1HE@1129;eggnog:32388@2
m033,2_exploratory,,uncharacterized conserved membrane protein,Unknown,WH8109,II,Synechococcus WH8109,Syncc8109_1626,WP_006850963.1,51,True,True,B14,79.9,51.1,False,False,,cyanorak:CK_00034873;eggnog:1GNSD@1117;eggnog:1H1HE@1129;eggnog:32388@2
m033,2_exploratory,,uncharacterized conserved membrane protein,Unknown,WH8102,III,Synechococcus WH8102,SYNW1448,WP_173358500.1,51,True,False,B14,79.9,51.1,False,False,,cyanorak:CK_00034873;eggnog:1GNSD@1117;eggnog:1H1HE@1129;eggnog:32388@2
m033,2_exploratory,,uncharacterized conserved membrane protein,Unknown,BL107,IV,Synechococcus sp. BL107,BL107_14190,WP_009790006.1,51,True,False,B14,79.9,51.1,False,False,,cyanorak:CK_00034873;eggnog:1GNSD@1117;eggnog:1H1HE@1129;eggnog:32388@2
m033,2_exploratory,,uncharacterized conserved membrane protein,Unknown,WH7803,V,Synechococcus WH7803,SynWH7803_0827,,,False,False,B14,79.9,51.1,False,False,,cyanorak:CK_00034873;eggnog:1GNSD@1117;eggnog:1H1HE@1129;eggnog:32388@2
m041,2_exploratory,,uncharacterized conserved membrane protein,Stress response and adaptation,CC9311,I,Synechococcus CC9311,sync_1646,WP_011619565.1,156,True,False,B14,44.1,30.7,False,True,,cyanorak:CK_00048774;eggnog:1GNT2@1117;eggnog:1H1IU@1129;eggnog:3239K@2
m041,2_exploratory,,uncharacterized conserved membrane protein,Stress response and adaptation,WH8109,II,Synechococcus WH8109,Syncc8109_1623,WP_232202394.1,211,True,True,B14,44.1,30.7,False,True,,cyanorak:CK_00048774;eggnog:1GNT2@1117;eggnog:1H1IU@1129;eggnog:3239K@2
m041,2_exploratory,,uncharacterized conserved membrane protein,Stress response and adaptation,WH8102,III,Synechococcus WH8102,SYNW1444,WP_011128308.1,220,True,False,B14,44.1,30.7,False,True,,cyanorak:CK_00048774;eggnog:1GNT2@1117;eggnog:1H1IU@1129;eggnog:3239K@2
m041,2_exploratory,,uncharacterized conserved membrane protein,Stress response and adaptation,BL107,IV,Synechococcus sp. BL107,BL107_16190,WP_009790396.1,184,True,False,B14,44.1,30.7,False,True,,cyanorak:CK_00048774;eggnog:1GNT2@1117;eggnog:1H1IU@1129;eggnog:3239K@2
m041,2_exploratory,,uncharacterized conserved membrane protein,Stress response and adaptation,WH7803,V,Synechococcus WH7803,SynWH7803_1004,WP_011932912.1,150,True,False,B14,44.1,30.7,False,True,,cyanorak:CK_00048774;eggnog:1GNT2@1117;eggnog:1H1IU@1129;eggnog:3239K@2
m018,2_exploratory,,putative membrane protein,Cell wall and membrane,CC9311,I,Synechococcus CC9311,sync_1997,WP_011619912.1,72,True,False,B15,66.9,47.1,False,False,,cyanorak:CK_00054860;eggnog:1GH1G@1117;eggnog:1H1JZ@1129;eggnog:2ZXGV@2
m018,2_exploratory,,putative membrane protein,Cell wall and membrane,WH8109,II,Synechococcus WH8109,Syncc8109_1983,WP_006850038.1,74,True,True,B15,66.9,47.1,False,False,,cyanorak:CK_00054860;eggnog:1GH1G@1117;eggnog:1H1JZ@1129;eggnog:2ZXGV@2
m018,2_exploratory,,putative membrane protein,Cell wall and membrane,WH8102,III,Synechococcus WH8102,TX72_RS08795,WP_042503752.1,73,True,False,B15,66.9,47.1,False,False,,cyanorak:CK_00054860;eggnog:1GH1G@1117;eggnog:1H1JZ@1129;eggnog:2ZXGV@2
m018,2_exploratory,,putative membrane protein,Cell wall and membrane,BL107,IV,Synechococcus sp. BL107,BL107_10426,WP_009789275.1,73,True,False,B15,66.9,47.1,False,False,,cyanorak:CK_00054860;eggnog:1GH1G@1117;eggnog:1H1JZ@1129;eggnog:2ZXGV@2
m018,2_exploratory,,putative membrane protein,Cell wall and membrane,WH7803,V,Synechococcus WH7803,SynWH7803_0647,WP_011932559.1,75,True,False,B15,66.9,47.1,False,False,,cyanorak:CK_00054860;eggnog:1GH1G@1117;eggnog:1H1JZ@1129;eggnog:2ZXGV@2
m017,2_exploratory,,Conserved hypothetical protein,Unknown,CC9311,I,Synechococcus CC9311,sync_2035,WP_041426646.1,151,True,False,B16,64.2,55.8,False,False,,cyanorak:CK_00001694;eggnog:1GNCY@1117;eggnog:1H0RZ@1129;eggnog:30S9R@2
m017,2_exploratory,,Conserved hypothetical protein,Unknown,WH8109,II,Synechococcus WH8109,Syncc8109_0747,WP_006849832.1,155,True,False,B16,64.2,55.8,False,False,,cyanorak:CK_00001694;eggnog:1GNCY@1117;eggnog:1H0RZ@1129;eggnog:30S9R@2
m017,2_exploratory,,Conserved hypothetical protein,Unknown,WH8102,III,Synechococcus WH8102,SYNW1784,WP_011128644.1,150,True,False,B16,64.2,55.8,False,False,,cyanorak:CK_00001694;eggnog:1GNCY@1117;eggnog:1H0RZ@1129;eggnog:30S9R@2
m017,2_exploratory,,Conserved hypothetical protein,Unknown,BL107,IV,Synechococcus sp. BL107,BL107_10217,WP_037988131.1,154,True,True,B16,64.2,55.8,False,False,,cyanorak:CK_00001694;eggnog:1GNCY@1117;eggnog:1H0RZ@1129;eggnog:30S9R@2
m017,2_exploratory,,Conserved hypothetical protein,Unknown,WH7803,V,Synechococcus WH7803,SynWH7803_0610,WP_011932522.1,150,True,False,B16,64.2,55.8,False,False,,cyanorak:CK_00001694;eggnog:1GNCY@1117;eggnog:1H0RZ@1129;eggnog:30S9R@2
m050,2_exploratory,,conserved hypothetical protein,Unknown,CC9311,I,Synechococcus CC9311,sync_2132,WP_011620046.1,149,True,False,B17,45.1,28.5,False,False,,cyanorak:CK_00051332;eggnog:1GRKQ@1117;eggnog:1H239@1129;eggnog:30U3W@2
m050,2_exploratory,,conserved hypothetical protein,Unknown,WH8109,II,Synechococcus WH8109,Syncc8109_0671,WP_006851516.1,182,True,True,B17,45.1,28.5,False,False,,cyanorak:CK_00051332;eggnog:1GRKQ@1117;eggnog:1H239@1129;eggnog:30U3W@2
m050,2_exploratory,,conserved hypothetical protein,Unknown,WH8102,III,Synechococcus WH8102,SYNW1856,WP_011128714.1,131,True,False,B17,45.1,28.5,False,False,,cyanorak:CK_00051332;eggnog:1GRKQ@1117;eggnog:1H239@1129;eggnog:30U3W@2
m050,2_exploratory,,conserved hypothetical protein,Unknown,BL107,IV,Synechococcus sp. BL107,BL107_09836,WP_009789171.1,192,True,False,B17,45.1,28.5,False,False,,cyanorak:CK_00051332;eggnog:1GRKQ@1117;eggnog:1H239@1129;eggnog:30U3W@2
m050,2_exploratory,,conserved hypothetical protein,Unknown,WH7803,V,Synechococcus WH7803,SynWH7803_1866,WP_011933764.1,147,True,False,B17,45.1,28.5,False,False,,cyanorak:CK_00051332;eggnog:1GRKQ@1117;eggnog:1H239@1129;eggnog:30U3W@2
m016,2_exploratory,,uncharacterized conserved membrane protein,Stress response and adaptation,CC9311,I,Synechococcus CC9311,sync_2092,WP_237699205.1,53,True,False,B18,84.9,79.2,False,False,,cyanorak:CK_00001578;eggnog:1GNUC@1117;eggnog:1H1M3@1129;eggnog:323BV@2
m016,2_exploratory,,uncharacterized conserved membrane protein,Stress response and adaptation,WH8109,II,Synechococcus WH8109,Syncc8109_0633,WP_006852120.1,53,True,False,B18,84.9,79.2,False,False,,cyanorak:CK_00001578;eggnog:1GNUC@1117;eggnog:1H1M3@1129;eggnog:323BV@2
m016,2_exploratory,,uncharacterized conserved membrane protein,Stress response and adaptation,WH8102,III,Synechococcus WH8102,SYNW1893,WP_173358505.1,53,True,False,B18,84.9,79.2,False,False,,cyanorak:CK_00001578;eggnog:1GNUC@1117;eggnog:1H1M3@1129;eggnog:323BV@2
m016,2_exploratory,,uncharacterized conserved membrane protein,Stress response and adaptation,BL107,IV,Synechococcus sp. BL107,BL107_09641,WP_009789132.1,53,True,True,B18,84.9,79.2,False,False,,cyanorak:CK_00001578;eggnog:1GNUC@1117;eggnog:1H1M3@1129;eggnog:323BV@2
m016,2_exploratory,,uncharacterized conserved membrane protein,Stress response and adaptation,WH7803,V,Synechococcus WH7803,SynWH7803_1904,,,False,False,B18,84.9,79.2,False,False,,cyanorak:CK_00001578;eggnog:1GNUC@1117;eggnog:1H1M3@1129;eggnog:323BV@2
m008,2_exploratory,unk11,conserved hypothetical protein,Unknown,CC9311,I,Synechococcus CC9311,SYNC_RS14125,WP_148201806.1,109,True,True,B19,0.0,0.0,True,False,,cyanorak:CK_00002548
m008,2_exploratory,unk11,conserved hypothetical protein,Unknown,WH8109,II,Synechococcus WH8109,Syncc8109_50007,,,False,False,B19,0.0,0.0,True,False,,cyanorak:CK_00002548
m008,2_exploratory,unk11,conserved hypothetical protein,Unknown,WH8102,III,Synechococcus WH8102,SYNW2014,WP_148228813.1,79,True,False,B19,0.0,0.0,True,False,,cyanorak:CK_00002548
m008,2_exploratory,unk11,conserved hypothetical protein,Unknown,BL107,IV,Synechococcus sp. BL107,BL107_08926,,,False,False,B19,0.0,0.0,True,False,,cyanorak:CK_00002548
m008,2_exploratory,unk11,conserved hypothetical protein,Unknown,WH7803,V,Synechococcus WH7803,SynWH7803_2535,,,False,False,B19,0.0,0.0,True,False,,cyanorak:CK_00002548
m009,2_exploratory,unk12,conserved hypothetical protein,Unknown,CC9311,I,Synechococcus CC9311,sync_0498,WP_041426327.1,140,True,False,B19,54.8,49.3,False,False,,cyanorak:CK_00001758;eggnog:1GNDE@1117;eggnog:1H0SP@1129;eggnog:32V8V@2
m009,2_exploratory,unk12,conserved hypothetical protein,Unknown,WH8109,II,Synechococcus WH8109,Syncc8109_RS11475,WP_071823033.1,144,True,False,B19,54.8,49.3,False,False,,cyanorak:CK_00001758;eggnog:1GNDE@1117;eggnog:1H0SP@1129;eggnog:32V8V@2
m009,2_exploratory,unk12,conserved hypothetical protein,Unknown,WH8102,III,Synechococcus WH8102,SYNW2015,WP_318655395.1,149,True,True,B19,54.8,49.3,False,False,,cyanorak:CK_00001758;eggnog:1GNDE@1117;eggnog:1H0SP@1129;eggnog:32V8V@2
m009,2_exploratory,unk12,conserved hypothetical protein,Unknown,BL107,IV,Synechococcus sp. BL107,BL107_08921,WP_009788990.1,141,True,False,B19,54.8,49.3,False,False,,cyanorak:CK_00001758;eggnog:1GNDE@1117;eggnog:1H0SP@1129;eggnog:32V8V@2
m009,2_exploratory,unk12,conserved hypothetical protein,Unknown,WH7803,V,Synechococcus WH7803,SynWH7803_0490,WP_011932404.1,144,True,False,B19,54.8,49.3,False,False,,cyanorak:CK_00001758;eggnog:1GNDE@1117;eggnog:1H0SP@1129;eggnog:32V8V@2
m010,2_exploratory,unk4,conserved hypothetical protein,Unknown,CC9311,I,Synechococcus CC9311,sync_0518,WP_011618477.1,150,True,False,B19,55.6,39.3,False,False,,cyanorak:CK_00001762;eggnog:1GN32@1117;eggnog:1H09Z@1129;eggnog:32297@2
m010,2_exploratory,unk4,conserved hypothetical protein,Unknown,WH8109,II,Synechococcus WH8109,Syncc8109_0473,WP_006851926.1,141,True,True,B19,55.6,39.3,False,False,,cyanorak:CK_00001762;eggnog:1GN32@1117;eggnog:1H09Z@1129;eggnog:32297@2
m010,2_exploratory,unk4,conserved hypothetical protein,Unknown,WH8102,III,Synechococcus WH8102,SYNW1995,WP_011128853.1,143,True,False,B19,55.6,39.3,False,False,,cyanorak:CK_00001762;eggnog:1GN32@1117;eggnog:1H09Z@1129;eggnog:32297@2
m010,2_exploratory,unk4,conserved hypothetical protein,Unknown,BL107,IV,Synechococcus sp. BL107,BL107_09026,WP_009789011.1,141,True,False,B19,55.6,39.3,False,False,,cyanorak:CK_00001762;eggnog:1GN32@1117;eggnog:1H09Z@1129;eggnog:32297@2
m010,2_exploratory,unk4,conserved hypothetical protein,Unknown,WH7803,V,Synechococcus WH7803,SynWH7803_0507,WP_011932421.1,147,True,False,B19,55.6,39.3,False,False,,cyanorak:CK_00001762;eggnog:1GN32@1117;eggnog:1H09Z@1129;eggnog:32297@2
m012,2_exploratory,unk9,conserved hypothetical protein,Unknown,CC9311,I,Synechococcus CC9311,sync_0507,WP_011618466.1,106,True,False,B19,63.2,53.1,False,False,,cyanorak:CK_00001835;eggnog:1GNKV@1117;eggnog:1H140@1129;eggnog:30SSR@2
m012,2_exploratory,unk9,conserved hypothetical protein,Unknown,WH8109,II,Synechococcus WH8109,Syncc8109_0463,WP_006851061.1,106,True,False,B19,63.2,53.1,False,False,,cyanorak:CK_00001835;eggnog:1GNKV@1117;eggnog:1H140@1129;eggnog:30SSR@2
m012,2_exploratory,unk9,conserved hypothetical protein,Unknown,WH8102,III,Synechococcus WH8102,SYNW2006,WP_071820853.1,106,True,True,B19,63.2,53.1,False,False,,cyanorak:CK_00001835;eggnog:1GNKV@1117;eggnog:1H140@1129;eggnog:30SSR@2
m012,2_exploratory,unk9,conserved hypothetical protein,Unknown,BL107,IV,Synechococcus sp. BL107,BL107_08966,WP_009788999.1,106,True,False,B19,63.2,53.1,False,False,,cyanorak:CK_00001835;eggnog:1GNKV@1117;eggnog:1H140@1129;eggnog:30SSR@2
m012,2_exploratory,unk9,conserved hypothetical protein,Unknown,WH7803,V,Synechococcus WH7803,SynWH7803_0495,WP_011932409.1,96,True,False,B19,63.2,53.1,False,False,,cyanorak:CK_00001835;eggnog:1GNKV@1117;eggnog:1H140@1129;eggnog:30SSR@2
m015,2_exploratory,,conserved hypothetical protein,Unknown,CC9311,I,Synechococcus CC9311,sync_2769,WP_011620658.1,138,True,False,B20,71.2,52.1,False,False,,cyanorak:CK_00001684;eggnog:1GE0X@1117;eggnog:1H0E2@1129;eggnog:33WJ0@2
m015,2_exploratory,,conserved hypothetical protein,Unknown,WH8109,II,Synechococcus WH8109,Syncc8109_2600,WP_025362564.1,138,True,False,B20,71.2,52.1,False,False,,cyanorak:CK_00001684;eggnog:1GE0X@1117;eggnog:1H0E2@1129;eggnog:33WJ0@2
m015,2_exploratory,,conserved hypothetical protein,Unknown,WH8102,III,Synechococcus WH8102,SYNW2361,WP_011129214.1,129,True,True,B20,71.2,52.1,False,False,,cyanorak:CK_00001684;eggnog:1GE0X@1117;eggnog:1H0E2@1129;eggnog:33WJ0@2
m015,2_exploratory,,conserved hypothetical protein,Unknown,BL107,IV,Synechococcus sp. BL107,BL107_07369,WP_037988697.1,139,True,False,B20,71.2,52.1,False,False,,cyanorak:CK_00001684;eggnog:1GE0X@1117;eggnog:1H0E2@1129;eggnog:33WJ0@2
m015,2_exploratory,,conserved hypothetical protein,Unknown,WH7803,V,Synechococcus WH7803,SynWH7803_2399,WP_011934285.1,141,True,False,B20,71.2,52.1,False,False,,cyanorak:CK_00001684;eggnog:1GE0X@1117;eggnog:1H0E2@1129;eggnog:33WJ0@2
m014,2_exploratory,,uncharacterized conserved membrane protein,Unknown,CC9311,I,Synechococcus CC9311,sync_2934,WP_006854947.1,53,True,False,B22,68.1,51.7,False,False,,cyanorak:CK_00002054;eggnog:1GNYU@1117;eggnog:1H1XJ@1129;eggnog:303IA@2
m014,2_exploratory,,uncharacterized conserved membrane protein,Unknown,WH8109,II,Synechococcus WH8109,Syncc8109_2754,WP_006851462.1,55,True,False,B22,68.1,51.7,False,False,,cyanorak:CK_00002054;eggnog:1GNYU@1117;eggnog:1H1XJ@1129;eggnog:303IA@2
m014,2_exploratory,,uncharacterized conserved membrane protein,Unknown,WH8102,III,Synechococcus WH8102,SYNW2518,WP_011129371.1,52,True,True,B22,68.1,51.7,False,False,,cyanorak:CK_00002054;eggnog:1GNYU@1117;eggnog:1H1XJ@1129;eggnog:303IA@2
m014,2_exploratory,,uncharacterized conserved membrane protein,Unknown,BL107,IV,Synechococcus sp. BL107,BL107_06694,WP_009788564.1,55,True,False,B22,68.1,51.7,False,False,,cyanorak:CK_00002054;eggnog:1GNYU@1117;eggnog:1H1XJ@1129;eggnog:303IA@2
m014,2_exploratory,,uncharacterized conserved membrane protein,Unknown,WH7803,V,Synechococcus WH7803,SynWH7803_2525,WP_011934410.1,59,True,False,B22,68.1,51.7,False,False,,cyanorak:CK_00002054;eggnog:1GNYU@1117;eggnog:1H1XJ@1129;eggnog:303IA@2
