row_type,ontology,term_id,term_name,direction,substrate_module,match_type,breakdown_flag,evidence,median_up_pct,count_k,bg_count_M,gene_ratio,fold_enrichment,p_value,p_adjust,significant
genome_wide_enrichment,kegg,kegg.pathway:ko00230,Purine metabolism,up,,,,,,9,60,9/111,5.334,3.537e-05,0.005128,True
genome_wide_enrichment,kegg,kegg.pathway:ko01210,2-Oxocarboxylic acid metabolism,up,,,,,,7,39,7/111,6.382,8.414e-05,0.0061,True
genome_wide_enrichment,kegg,kegg.pathway:ko00640,Propanoate metabolism,up,,,,,,6,32,6/111,6.667,0.0002156,0.01042,True
genome_wide_enrichment,kegg,kegg.pathway:ko01120,Microbial metabolism in diverse environments,up,,,,,,14,214,14/111,2.326,0.002386,0.0865,False
genome_wide_enrichment,kegg,kegg.pathway:ko05132,Salmonella infection,down,,,,,,4,11,4/163,8.805,0.0007369,0.1069,False
genome_wide_enrichment,kegg,kegg.pathway:ko00330,Arginine and proline metabolism,up,,,,,,4,28,4/111,5.08,0.007205,0.1306,False
genome_wide_enrichment,kegg,kegg.pathway:ko00500,Starch and sucrose metabolism,up,,,,,,4,27,4/111,5.268,0.00631,0.1306,False
genome_wide_enrichment,kegg,kegg.pathway:ko00630,Glyoxylate and dicarboxylate metabolism,up,,,,,,5,42,5/111,4.233,0.005964,0.1306,False
genome_wide_enrichment,kegg,kegg.pathway:ko00785,Lipoic acid metabolism,up,,,,,,3,13,3/111,8.206,0.00504,0.1306,False
genome_wide_enrichment,kegg,kegg.pathway:ko01110,Biosynthesis of secondary metabolites,up,,,,,,17,336,17/111,1.799,0.01168,0.1882,False
genome_wide_enrichment,kegg,kegg.pathway:ko04621,NOD-like receptor signaling pathway,down,,,,,,3,8,3/163,9.081,0.003322,0.2409,False
genome_wide_enrichment,kegg,kegg.pathway:ko00920,Sulfur metabolism,up,,,,,,3,20,3/111,5.334,0.01741,0.2525,False
genome_wide_enrichment,kegg,kegg.pathway:ko01320,Sulfur cycle,up,,,,,,2,9,2/111,7.902,0.0248,0.3269,False
genome_wide_enrichment,kegg,kegg.pathway:ko00261,Monobactam biosynthesis,up,,,,,,2,11,2/111,6.465,0.03653,0.4074,False
genome_wide_enrichment,kegg,kegg.pathway:ko00450,Selenocompound metabolism,up,,,,,,2,11,2/111,6.465,0.03653,0.4074,False
genome_wide_enrichment,kegg,kegg.pathway:ko00460,Cyanoamino acid metabolism,up,,,,,,2,12,2/111,5.926,0.04304,0.4458,False
genome_wide_enrichment,kegg,kegg.pathway:ko00280,"Valine, leucine and isoleucine degradation",up,,,,,,3,32,3/111,3.334,0.0595,0.5751,False
genome_wide_enrichment,kegg,kegg.pathway:ko00260,"Glycine, serine and threonine metabolism",up,,,,,,3,34,3/111,3.138,0.06897,0.6251,False
genome_wide_enrichment,kegg,kegg.pathway:ko01200,Carbon metabolism,up,,,,,,6,107,6/111,1.994,0.07917,0.6753,False
genome_wide_enrichment,kegg,kegg.pathway:ko00053,Ascorbate and aldarate metabolism,up,,,,,,1,5,1/111,7.112,0.133,0.935,False
genome_wide_enrichment,kegg,kegg.pathway:ko00680,Methane metabolism,up,,,,,,2,23,2/111,3.092,0.1354,0.935,False
genome_wide_enrichment,kegg,kegg.pathway:ko01230,Biosynthesis of amino acids,up,,,,,,6,121,6/111,1.763,0.1237,0.935,False
genome_wide_enrichment,kegg,kegg.pathway:ko01232,Nucleotide metabolism,up,,,,,,3,44,3/111,2.424,0.1253,0.935,False
genome_wide_enrichment,kegg,kegg.pathway:ko00020,Citrate cycle (TCA cycle),up,,,,,,2,24,2/111,2.963,0.1451,0.951,False
genome_wide_enrichment,kegg,kegg.pathway:ko00930,Caprolactam degradation,up,,,,,,1,6,1/111,5.926,0.1574,0.951,False
genome_wide_enrichment,kegg,kegg.pathway:ko01220,Degradation of aromatic compounds,up,,,,,,1,6,1/111,5.926,0.1574,0.951,False
genome_wide_enrichment,kegg,kegg.pathway:ko00010,Glycolysis / Gluconeogenesis,down,,,,,,4,33,4/163,2.935,0.04516,0.9716,False
genome_wide_enrichment,kegg,kegg.pathway:ko00710,Carbon fixation by Calvin cycle,down,,,,,,3,19,3/163,3.823,0.0412,0.9716,False
genome_wide_enrichment,kegg,kegg.pathway:ko02030,Bacterial chemotaxis,down,,,,,,5,50,5/163,2.421,0.05361,0.9716,False
genome_wide_enrichment,kegg,kegg.pathway:ko04066,HIF-1 signaling pathway,down,,,,,,2,7,2/163,6.918,0.03105,0.9716,False
genome_wide_enrichment,kegg,kegg.pathway:ko04213,Longevity regulating pathway - multiple species,down,,,,,,2,8,2/163,6.054,0.04029,0.9716,False
genome_wide_enrichment,kegg,kegg.pathway:ko05418,Fluid shear stress and atherosclerosis,down,,,,,,2,9,2/163,5.381,0.05042,0.9716,False
genome_wide_enrichment,kegg,kegg.pathway:ko00020,Citrate cycle (TCA cycle),down,,,,,,1,24,1/163,1.009,0.6377,1.0,False
genome_wide_enrichment,kegg,kegg.pathway:ko00030,Pentose phosphate pathway,down,,,,,,0,20,0/163,0.0,1.0,1.0,False
genome_wide_enrichment,kegg,kegg.pathway:ko00040,Pentose and glucuronate interconversions,down,,,,,,0,12,0/163,0.0,1.0,1.0,False
genome_wide_enrichment,kegg,kegg.pathway:ko00051,Fructose and mannose metabolism,down,,,,,,0,15,0/163,0.0,1.0,1.0,False
genome_wide_enrichment,kegg,kegg.pathway:ko00052,Galactose metabolism,down,,,,,,0,14,0/163,0.0,1.0,1.0,False
genome_wide_enrichment,kegg,kegg.pathway:ko00053,Ascorbate and aldarate metabolism,down,,,,,,0,5,0/163,0.0,1.0,1.0,False
genome_wide_enrichment,kegg,kegg.pathway:ko00061,Fatty acid biosynthesis,down,,,,,,1,18,1/163,1.345,0.5327,1.0,False
genome_wide_enrichment,kegg,kegg.pathway:ko00071,Fatty acid degradation,down,,,,,,0,23,0/163,0.0,1.0,1.0,False
genome_wide_enrichment,kegg,kegg.pathway:ko00130,Ubiquinone and other terpenoid-quinone biosynthesis,down,,,,,,1,15,1/163,1.614,0.4694,1.0,False
genome_wide_enrichment,kegg,kegg.pathway:ko00190,Oxidative phosphorylation,down,,,,,,2,39,2/163,1.242,0.4836,1.0,False
genome_wide_enrichment,kegg,kegg.pathway:ko00195,Photosynthesis,down,,,,,,0,8,0/163,0.0,1.0,1.0,False
genome_wide_enrichment,kegg,kegg.pathway:ko00220,Arginine biosynthesis,down,,,,,,0,18,0/163,0.0,1.0,1.0,False
genome_wide_enrichment,kegg,kegg.pathway:ko00230,Purine metabolism,down,,,,,,1,60,1/163,0.404,0.9219,1.0,False
genome_wide_enrichment,kegg,kegg.pathway:ko00240,Pyrimidine metabolism,down,,,,,,1,36,1/163,0.673,0.7824,1.0,False
genome_wide_enrichment,kegg,kegg.pathway:ko00250,"Alanine, aspartate and glutamate metabolism",down,,,,,,0,33,0/163,0.0,1.0,1.0,False
genome_wide_enrichment,kegg,kegg.pathway:ko00260,"Glycine, serine and threonine metabolism",down,,,,,,0,34,0/163,0.0,1.0,1.0,False
genome_wide_enrichment,kegg,kegg.pathway:ko00261,Monobactam biosynthesis,down,,,,,,0,11,0/163,0.0,1.0,1.0,False
genome_wide_enrichment,kegg,kegg.pathway:ko00270,Cysteine and methionine metabolism,down,,,,,,1,36,1/163,0.673,0.7824,1.0,False
genome_wide_enrichment,kegg,kegg.pathway:ko00280,"Valine, leucine and isoleucine degradation",down,,,,,,0,32,0/163,0.0,1.0,1.0,False
genome_wide_enrichment,kegg,kegg.pathway:ko00290,"Valine, leucine and isoleucine biosynthesis",down,,,,,,1,14,1/163,1.73,0.4465,1.0,False
genome_wide_enrichment,kegg,kegg.pathway:ko00300,Lysine biosynthesis,down,,,,,,0,16,0/163,0.0,1.0,1.0,False
genome_wide_enrichment,kegg,kegg.pathway:ko00310,Lysine degradation,down,,,,,,0,15,0/163,0.0,1.0,1.0,False
genome_wide_enrichment,kegg,kegg.pathway:ko00330,Arginine and proline metabolism,down,,,,,,0,28,0/163,0.0,1.0,1.0,False
genome_wide_enrichment,kegg,kegg.pathway:ko00340,Histidine metabolism,down,,,,,,0,17,0/163,0.0,1.0,1.0,False
genome_wide_enrichment,kegg,kegg.pathway:ko00350,Tyrosine metabolism,down,,,,,,0,12,0/163,0.0,1.0,1.0,False
genome_wide_enrichment,kegg,kegg.pathway:ko00360,Phenylalanine metabolism,down,,,,,,1,14,1/163,1.73,0.4465,1.0,False
genome_wide_enrichment,kegg,kegg.pathway:ko00362,Benzoate degradation,down,,,,,,0,10,0/163,0.0,1.0,1.0,False
genome_wide_enrichment,kegg,kegg.pathway:ko00380,Tryptophan metabolism,down,,,,,,2,20,2/163,2.421,0.199,1.0,False
genome_wide_enrichment,kegg,kegg.pathway:ko00400,"Phenylalanine, tyrosine and tryptophan biosynthesis",down,,,,,,1,22,1/163,1.101,0.6056,1.0,False
genome_wide_enrichment,kegg,kegg.pathway:ko00401,Novobiocin biosynthesis,down,,,,,,0,5,0/163,0.0,1.0,1.0,False
genome_wide_enrichment,kegg,kegg.pathway:ko00404,Staurosporine biosynthesis,down,,,,,,0,5,0/163,0.0,1.0,1.0,False
genome_wide_enrichment,kegg,kegg.pathway:ko00410,beta-Alanine metabolism,down,,,,,,0,12,0/163,0.0,1.0,1.0,False
genome_wide_enrichment,kegg,kegg.pathway:ko00430,Taurine and hypotaurine metabolism,down,,,,,,0,9,0/163,0.0,1.0,1.0,False
genome_wide_enrichment,kegg,kegg.pathway:ko00450,Selenocompound metabolism,down,,,,,,0,11,0/163,0.0,1.0,1.0,False
genome_wide_enrichment,kegg,kegg.pathway:ko00460,Cyanoamino acid metabolism,down,,,,,,0,12,0/163,0.0,1.0,1.0,False
genome_wide_enrichment,kegg,kegg.pathway:ko00470,D-Amino acid metabolism,down,,,,,,0,9,0/163,0.0,1.0,1.0,False
genome_wide_enrichment,kegg,kegg.pathway:ko00480,Glutathione metabolism,down,,,,,,0,24,0/163,0.0,1.0,1.0,False
genome_wide_enrichment,kegg,kegg.pathway:ko00500,Starch and sucrose metabolism,down,,,,,,0,27,0/163,0.0,1.0,1.0,False
genome_wide_enrichment,kegg,kegg.pathway:ko00520,Amino sugar and nucleotide sugar metabolism,down,,,,,,1,33,1/163,0.734,0.7528,1.0,False
genome_wide_enrichment,kegg,kegg.pathway:ko00521,Streptomycin biosynthesis,down,,,,,,0,8,0/163,0.0,1.0,1.0,False
genome_wide_enrichment,kegg,kegg.pathway:ko00523,Polyketide sugar unit biosynthesis,down,,,,,,0,6,0/163,0.0,1.0,1.0,False
genome_wide_enrichment,kegg,kegg.pathway:ko00540,Lipopolysaccharide biosynthesis,down,,,,,,0,11,0/163,0.0,1.0,1.0,False
genome_wide_enrichment,kegg,kegg.pathway:ko00541,Biosynthesis of various nucleotide sugars,down,,,,,,0,21,0/163,0.0,1.0,1.0,False
genome_wide_enrichment,kegg,kegg.pathway:ko00543,Exopolysaccharide biosynthesis,down,,,,,,0,5,0/163,0.0,1.0,1.0,False
genome_wide_enrichment,kegg,kegg.pathway:ko00550,Peptidoglycan biosynthesis,down,,,,,,0,21,0/163,0.0,1.0,1.0,False
genome_wide_enrichment,kegg,kegg.pathway:ko00561,Glycerolipid metabolism,down,,,,,,1,15,1/163,1.614,0.4694,1.0,False
genome_wide_enrichment,kegg,kegg.pathway:ko00562,Inositol phosphate metabolism,down,,,,,,0,6,0/163,0.0,1.0,1.0,False
genome_wide_enrichment,kegg,kegg.pathway:ko00564,Glycerophospholipid metabolism,down,,,,,,1,16,1/163,1.513,0.4914,1.0,False
genome_wide_enrichment,kegg,kegg.pathway:ko00620,Pyruvate metabolism,down,,,,,,3,48,3/163,1.513,0.3183,1.0,False
genome_wide_enrichment,kegg,kegg.pathway:ko00625,Chloroalkane and chloroalkene degradation,down,,,,,,0,10,0/163,0.0,1.0,1.0,False
genome_wide_enrichment,kegg,kegg.pathway:ko00627,Aminobenzoate degradation,down,,,,,,0,6,0/163,0.0,1.0,1.0,False
genome_wide_enrichment,kegg,kegg.pathway:ko00630,Glyoxylate and dicarboxylate metabolism,down,,,,,,2,42,2/163,1.153,0.5233,1.0,False
genome_wide_enrichment,kegg,kegg.pathway:ko00640,Propanoate metabolism,down,,,,,,0,32,0/163,0.0,1.0,1.0,False
genome_wide_enrichment,kegg,kegg.pathway:ko00643,Styrene degradation,down,,,,,,0,6,0/163,0.0,1.0,1.0,False
genome_wide_enrichment,kegg,kegg.pathway:ko00650,Butanoate metabolism,down,,,,,,0,24,0/163,0.0,1.0,1.0,False
genome_wide_enrichment,kegg,kegg.pathway:ko00660,C5-Branched dibasic acid metabolism,down,,,,,,0,9,0/163,0.0,1.0,1.0,False
genome_wide_enrichment,kegg,kegg.pathway:ko00670,One carbon pool by folate,down,,,,,,1,25,1/163,0.969,0.6527,1.0,False
genome_wide_enrichment,kegg,kegg.pathway:ko00680,Methane metabolism,down,,,,,,1,23,1/163,1.053,0.622,1.0,False
genome_wide_enrichment,kegg,kegg.pathway:ko00720,Other carbon fixation pathways,down,,,,,,1,29,1/163,0.835,0.707,1.0,False
genome_wide_enrichment,kegg,kegg.pathway:ko00730,Thiamine metabolism,down,,,,,,1,11,1/163,2.201,0.3716,1.0,False
genome_wide_enrichment,kegg,kegg.pathway:ko00740,Riboflavin metabolism,down,,,,,,0,10,0/163,0.0,1.0,1.0,False
genome_wide_enrichment,kegg,kegg.pathway:ko00750,Vitamin B6 metabolism,down,,,,,,0,8,0/163,0.0,1.0,1.0,False
genome_wide_enrichment,kegg,kegg.pathway:ko00760,Nicotinate and nicotinamide metabolism,down,,,,,,1,16,1/163,1.513,0.4914,1.0,False
genome_wide_enrichment,kegg,kegg.pathway:ko00770,Pantothenate and CoA biosynthesis,down,,,,,,2,19,2/163,2.549,0.1838,1.0,False
genome_wide_enrichment,kegg,kegg.pathway:ko00780,Biotin metabolism,down,,,,,,0,13,0/163,0.0,1.0,1.0,False
genome_wide_enrichment,kegg,kegg.pathway:ko00785,Lipoic acid metabolism,down,,,,,,0,13,0/163,0.0,1.0,1.0,False
genome_wide_enrichment,kegg,kegg.pathway:ko00790,Folate biosynthesis,down,,,,,,0,33,0/163,0.0,1.0,1.0,False
genome_wide_enrichment,kegg,kegg.pathway:ko00860,Porphyrin metabolism,down,,,,,,2,21,2/163,2.306,0.2143,1.0,False
genome_wide_enrichment,kegg,kegg.pathway:ko00900,Terpenoid backbone biosynthesis,down,,,,,,0,15,0/163,0.0,1.0,1.0,False
genome_wide_enrichment,kegg,kegg.pathway:ko00907,"Pinene, camphor and geraniol degradation",down,,,,,,0,8,0/163,0.0,1.0,1.0,False
genome_wide_enrichment,kegg,kegg.pathway:ko00910,Nitrogen metabolism,down,,,,,,0,16,0/163,0.0,1.0,1.0,False
genome_wide_enrichment,kegg,kegg.pathway:ko00920,Sulfur metabolism,down,,,,,,0,20,0/163,0.0,1.0,1.0,False
genome_wide_enrichment,kegg,kegg.pathway:ko00930,Caprolactam degradation,down,,,,,,0,6,0/163,0.0,1.0,1.0,False
genome_wide_enrichment,kegg,kegg.pathway:ko00970,Aminoacyl-tRNA biosynthesis,down,,,,,,0,26,0/163,0.0,1.0,1.0,False
genome_wide_enrichment,kegg,kegg.pathway:ko00980,Metabolism of xenobiotics by cytochrome P450,down,,,,,,0,7,0/163,0.0,1.0,1.0,False
genome_wide_enrichment,kegg,kegg.pathway:ko00982,Drug metabolism - cytochrome P450,down,,,,,,0,7,0/163,0.0,1.0,1.0,False
genome_wide_enrichment,kegg,kegg.pathway:ko00983,Drug metabolism - other enzymes,down,,,,,,1,13,1/163,1.863,0.4225,1.0,False
genome_wide_enrichment,kegg,kegg.pathway:ko00999,Biosynthesis of various plant secondary metabolites,down,,,,,,1,5,1/163,4.843,0.1902,1.0,False
genome_wide_enrichment,kegg,kegg.pathway:ko01110,Biosynthesis of secondary metabolites,down,,,,,,16,336,16/163,1.153,0.3107,1.0,False
genome_wide_enrichment,kegg,kegg.pathway:ko01120,Microbial metabolism in diverse environments,down,,,,,,5,214,5/163,0.566,0.9477,1.0,False
genome_wide_enrichment,kegg,kegg.pathway:ko01200,Carbon metabolism,down,,,,,,5,107,5/163,1.132,0.4551,1.0,False
genome_wide_enrichment,kegg,kegg.pathway:ko01210,2-Oxocarboxylic acid metabolism,down,,,,,,1,39,1/163,0.621,0.8085,1.0,False
genome_wide_enrichment,kegg,kegg.pathway:ko01212,Fatty acid metabolism,down,,,,,,1,34,1/163,0.712,0.7631,1.0,False
genome_wide_enrichment,kegg,kegg.pathway:ko01220,Degradation of aromatic compounds,down,,,,,,0,6,0/163,0.0,1.0,1.0,False
genome_wide_enrichment,kegg,kegg.pathway:ko01230,Biosynthesis of amino acids,down,,,,,,5,121,5/163,1.001,0.5653,1.0,False
genome_wide_enrichment,kegg,kegg.pathway:ko01232,Nucleotide metabolism,down,,,,,,1,44,1/163,0.55,0.8453,1.0,False
genome_wide_enrichment,kegg,kegg.pathway:ko01240,Biosynthesis of cofactors,down,,,,,,6,134,6/163,1.084,0.4803,1.0,False
genome_wide_enrichment,kegg,kegg.pathway:ko01250,Biosynthesis of nucleotide sugars,down,,,,,,0,38,0/163,0.0,1.0,1.0,False
genome_wide_enrichment,kegg,kegg.pathway:ko01320,Sulfur cycle,down,,,,,,0,9,0/163,0.0,1.0,1.0,False
genome_wide_enrichment,kegg,kegg.pathway:ko01501,beta-Lactam resistance,down,,,,,,0,22,0/163,0.0,1.0,1.0,False
genome_wide_enrichment,kegg,kegg.pathway:ko01502,Vancomycin resistance,down,,,,,,0,5,0/163,0.0,1.0,1.0,False
genome_wide_enrichment,kegg,kegg.pathway:ko01503,Cationic antimicrobial peptide (CAMP) resistance,down,,,,,,0,28,0/163,0.0,1.0,1.0,False
genome_wide_enrichment,kegg,kegg.pathway:ko01523,Antifolate resistance,down,,,,,,0,8,0/163,0.0,1.0,1.0,False
genome_wide_enrichment,kegg,kegg.pathway:ko01524,Platinum drug resistance,down,,,,,,0,5,0/163,0.0,1.0,1.0,False
genome_wide_enrichment,kegg,kegg.pathway:ko02010,ABC transporters,down,,,,,,0,53,0/163,0.0,1.0,1.0,False
genome_wide_enrichment,kegg,kegg.pathway:ko02020,Two-component system,down,,,,,,8,146,8/163,1.327,0.2545,1.0,False
genome_wide_enrichment,kegg,kegg.pathway:ko02024,Quorum sensing,down,,,,,,2,53,2/163,0.914,0.6508,1.0,False
genome_wide_enrichment,kegg,kegg.pathway:ko02025,Biofilm formation - Pseudomonas aeruginosa,down,,,,,,0,28,0/163,0.0,1.0,1.0,False
genome_wide_enrichment,kegg,kegg.pathway:ko02026,Biofilm formation - Escherichia coli,down,,,,,,0,30,0/163,0.0,1.0,1.0,False
genome_wide_enrichment,kegg,kegg.pathway:ko02040,Flagellar assembly,down,,,,,,2,49,2/163,0.988,0.6078,1.0,False
genome_wide_enrichment,kegg,kegg.pathway:ko03010,Ribosome,down,,,,,,0,54,0/163,0.0,1.0,1.0,False
genome_wide_enrichment,kegg,kegg.pathway:ko03018,RNA degradation,down,,,,,,1,19,1/163,1.274,0.5521,1.0,False
genome_wide_enrichment,kegg,kegg.pathway:ko03030,DNA replication,down,,,,,,0,18,0/163,0.0,1.0,1.0,False
genome_wide_enrichment,kegg,kegg.pathway:ko03060,Protein export,down,,,,,,0,18,0/163,0.0,1.0,1.0,False
genome_wide_enrichment,kegg,kegg.pathway:ko03070,Bacterial secretion system,down,,,,,,0,29,0/163,0.0,1.0,1.0,False
genome_wide_enrichment,kegg,kegg.pathway:ko03320,PPAR signaling pathway,down,,,,,,0,10,0/163,0.0,1.0,1.0,False
genome_wide_enrichment,kegg,kegg.pathway:ko03410,Base excision repair,down,,,,,,0,15,0/163,0.0,1.0,1.0,False
genome_wide_enrichment,kegg,kegg.pathway:ko03420,Nucleotide excision repair,down,,,,,,0,11,0/163,0.0,1.0,1.0,False
genome_wide_enrichment,kegg,kegg.pathway:ko03430,Mismatch repair,down,,,,,,0,24,0/163,0.0,1.0,1.0,False
genome_wide_enrichment,kegg,kegg.pathway:ko03440,Homologous recombination,down,,,,,,0,25,0/163,0.0,1.0,1.0,False
genome_wide_enrichment,kegg,kegg.pathway:ko04112,Cell cycle - Caulobacter,down,,,,,,2,13,2/163,3.725,0.09814,1.0,False
genome_wide_enrichment,kegg,kegg.pathway:ko04122,Sulfur relay system,down,,,,,,1,16,1/163,1.513,0.4914,1.0,False
genome_wide_enrichment,kegg,kegg.pathway:ko04146,Peroxisome,down,,,,,,1,14,1/163,1.73,0.4465,1.0,False
genome_wide_enrichment,kegg,kegg.pathway:ko04212,Longevity regulating pathway - worm,down,,,,,,2,14,2/163,3.459,0.1115,1.0,False
genome_wide_enrichment,kegg,kegg.pathway:ko04217,Necroptosis,down,,,,,,1,5,1/163,4.843,0.1902,1.0,False
genome_wide_enrichment,kegg,kegg.pathway:ko04626,Plant-pathogen interaction,down,,,,,,2,12,2/163,4.036,0.08528,1.0,False
genome_wide_enrichment,kegg,kegg.pathway:ko04714,Thermogenesis,down,,,,,,0,10,0/163,0.0,1.0,1.0,False
genome_wide_enrichment,kegg,kegg.pathway:ko04922,Glucagon signaling pathway,down,,,,,,0,5,0/163,0.0,1.0,1.0,False
genome_wide_enrichment,kegg,kegg.pathway:ko04936,Alcoholic liver disease,down,,,,,,0,7,0/163,0.0,1.0,1.0,False
genome_wide_enrichment,kegg,kegg.pathway:ko04981,Folate transport and metabolism,down,,,,,,0,9,0/163,0.0,1.0,1.0,False
genome_wide_enrichment,kegg,kegg.pathway:ko05010,Alzheimer disease,down,,,,,,1,6,1/163,4.036,0.2237,1.0,False
genome_wide_enrichment,kegg,kegg.pathway:ko05012,Parkinson disease,down,,,,,,1,6,1/163,4.036,0.2237,1.0,False
genome_wide_enrichment,kegg,kegg.pathway:ko05014,Amyotrophic lateral sclerosis,down,,,,,,1,9,1/163,2.691,0.3161,1.0,False
genome_wide_enrichment,kegg,kegg.pathway:ko05016,Huntington disease,down,,,,,,0,7,0/163,0.0,1.0,1.0,False
genome_wide_enrichment,kegg,kegg.pathway:ko05022,Pathways of neurodegeneration - multiple diseases,down,,,,,,1,9,1/163,2.691,0.3161,1.0,False
genome_wide_enrichment,kegg,kegg.pathway:ko05111,Biofilm formation - Vibrio cholerae,down,,,,,,0,44,0/163,0.0,1.0,1.0,False
genome_wide_enrichment,kegg,kegg.pathway:ko05131,Shigellosis,down,,,,,,1,5,1/163,4.843,0.1902,1.0,False
genome_wide_enrichment,kegg,kegg.pathway:ko05134,Legionellosis,down,,,,,,1,8,1/163,3.027,0.2866,1.0,False
genome_wide_enrichment,kegg,kegg.pathway:ko05152,Tuberculosis,down,,,,,,1,5,1/163,4.843,0.1902,1.0,False
genome_wide_enrichment,kegg,kegg.pathway:ko05200,Pathways in cancer,down,,,,,,1,7,1/163,3.459,0.2558,1.0,False
genome_wide_enrichment,kegg,kegg.pathway:ko05204,Chemical carcinogenesis - DNA adducts,down,,,,,,0,5,0/163,0.0,1.0,1.0,False
genome_wide_enrichment,kegg,kegg.pathway:ko05207,Chemical carcinogenesis - receptor activation,down,,,,,,1,6,1/163,4.036,0.2237,1.0,False
genome_wide_enrichment,kegg,kegg.pathway:ko05208,Chemical carcinogenesis - reactive oxygen species,down,,,,,,1,14,1/163,1.73,0.4465,1.0,False
genome_wide_enrichment,kegg,kegg.pathway:ko05225,Hepatocellular carcinoma,down,,,,,,0,5,0/163,0.0,1.0,1.0,False
genome_wide_enrichment,kegg,kegg.pathway:ko05230,Central carbon metabolism in cancer,down,,,,,,0,7,0/163,0.0,1.0,1.0,False
genome_wide_enrichment,kegg,kegg.pathway:ko05340,Primary immunodeficiency,down,,,,,,0,5,0/163,0.0,1.0,1.0,False
genome_wide_enrichment,kegg,kegg.pathway:ko05415,Diabetic cardiomyopathy,down,,,,,,1,11,1/163,2.201,0.3716,1.0,False
genome_wide_enrichment,kegg,kegg.pathway:ko00010,Glycolysis / Gluconeogenesis,up,,,,,,1,33,1/111,1.078,0.6114,1.0,False
genome_wide_enrichment,kegg,kegg.pathway:ko00030,Pentose phosphate pathway,up,,,,,,0,20,0/111,0.0,1.0,1.0,False
genome_wide_enrichment,kegg,kegg.pathway:ko00040,Pentose and glucuronate interconversions,up,,,,,,1,12,1/111,2.963,0.2902,1.0,False
genome_wide_enrichment,kegg,kegg.pathway:ko00051,Fructose and mannose metabolism,up,,,,,,1,15,1/111,2.371,0.3486,1.0,False
genome_wide_enrichment,kegg,kegg.pathway:ko00052,Galactose metabolism,up,,,,,,1,14,1/111,2.54,0.3297,1.0,False
genome_wide_enrichment,kegg,kegg.pathway:ko00061,Fatty acid biosynthesis,up,,,,,,0,18,0/111,0.0,1.0,1.0,False
genome_wide_enrichment,kegg,kegg.pathway:ko00071,Fatty acid degradation,up,,,,,,0,23,0/111,0.0,1.0,1.0,False
genome_wide_enrichment,kegg,kegg.pathway:ko00130,Ubiquinone and other terpenoid-quinone biosynthesis,up,,,,,,0,15,0/111,0.0,1.0,1.0,False
genome_wide_enrichment,kegg,kegg.pathway:ko00190,Oxidative phosphorylation,up,,,,,,0,39,0/111,0.0,1.0,1.0,False
genome_wide_enrichment,kegg,kegg.pathway:ko00195,Photosynthesis,up,,,,,,0,8,0/111,0.0,1.0,1.0,False
genome_wide_enrichment,kegg,kegg.pathway:ko00220,Arginine biosynthesis,up,,,,,,1,18,1/111,1.975,0.4023,1.0,False
genome_wide_enrichment,kegg,kegg.pathway:ko00240,Pyrimidine metabolism,up,,,,,,1,36,1/111,0.988,0.6436,1.0,False
genome_wide_enrichment,kegg,kegg.pathway:ko00250,"Alanine, aspartate and glutamate metabolism",up,,,,,,1,33,1/111,1.078,0.6114,1.0,False
genome_wide_enrichment,kegg,kegg.pathway:ko00270,Cysteine and methionine metabolism,up,,,,,,1,36,1/111,0.988,0.6436,1.0,False
genome_wide_enrichment,kegg,kegg.pathway:ko00290,"Valine, leucine and isoleucine biosynthesis",up,,,,,,0,14,0/111,0.0,1.0,1.0,False
genome_wide_enrichment,kegg,kegg.pathway:ko00300,Lysine biosynthesis,up,,,,,,1,16,1/111,2.222,0.367,1.0,False
genome_wide_enrichment,kegg,kegg.pathway:ko00310,Lysine degradation,up,,,,,,0,15,0/111,0.0,1.0,1.0,False
genome_wide_enrichment,kegg,kegg.pathway:ko00340,Histidine metabolism,up,,,,,,0,17,0/111,0.0,1.0,1.0,False
genome_wide_enrichment,kegg,kegg.pathway:ko00350,Tyrosine metabolism,up,,,,,,0,12,0/111,0.0,1.0,1.0,False
genome_wide_enrichment,kegg,kegg.pathway:ko00360,Phenylalanine metabolism,up,,,,,,0,14,0/111,0.0,1.0,1.0,False
genome_wide_enrichment,kegg,kegg.pathway:ko00362,Benzoate degradation,up,,,,,,0,10,0/111,0.0,1.0,1.0,False
genome_wide_enrichment,kegg,kegg.pathway:ko00380,Tryptophan metabolism,up,,,,,,0,20,0/111,0.0,1.0,1.0,False
genome_wide_enrichment,kegg,kegg.pathway:ko00400,"Phenylalanine, tyrosine and tryptophan biosynthesis",up,,,,,,0,22,0/111,0.0,1.0,1.0,False
genome_wide_enrichment,kegg,kegg.pathway:ko00401,Novobiocin biosynthesis,up,,,,,,0,5,0/111,0.0,1.0,1.0,False
genome_wide_enrichment,kegg,kegg.pathway:ko00404,Staurosporine biosynthesis,up,,,,,,0,5,0/111,0.0,1.0,1.0,False
genome_wide_enrichment,kegg,kegg.pathway:ko00410,beta-Alanine metabolism,up,,,,,,0,12,0/111,0.0,1.0,1.0,False
genome_wide_enrichment,kegg,kegg.pathway:ko00430,Taurine and hypotaurine metabolism,up,,,,,,1,9,1/111,3.951,0.2266,1.0,False
genome_wide_enrichment,kegg,kegg.pathway:ko00470,D-Amino acid metabolism,up,,,,,,0,9,0/111,0.0,1.0,1.0,False
genome_wide_enrichment,kegg,kegg.pathway:ko00480,Glutathione metabolism,up,,,,,,1,24,1/111,1.482,0.4967,1.0,False
genome_wide_enrichment,kegg,kegg.pathway:ko00520,Amino sugar and nucleotide sugar metabolism,up,,,,,,1,33,1/111,1.078,0.6114,1.0,False
genome_wide_enrichment,kegg,kegg.pathway:ko00521,Streptomycin biosynthesis,up,,,,,,0,8,0/111,0.0,1.0,1.0,False
genome_wide_enrichment,kegg,kegg.pathway:ko00523,Polyketide sugar unit biosynthesis,up,,,,,,0,6,0/111,0.0,1.0,1.0,False
genome_wide_enrichment,kegg,kegg.pathway:ko00540,Lipopolysaccharide biosynthesis,up,,,,,,0,11,0/111,0.0,1.0,1.0,False
genome_wide_enrichment,kegg,kegg.pathway:ko00541,Biosynthesis of various nucleotide sugars,up,,,,,,0,21,0/111,0.0,1.0,1.0,False
genome_wide_enrichment,kegg,kegg.pathway:ko00543,Exopolysaccharide biosynthesis,up,,,,,,0,5,0/111,0.0,1.0,1.0,False
genome_wide_enrichment,kegg,kegg.pathway:ko00550,Peptidoglycan biosynthesis,up,,,,,,0,21,0/111,0.0,1.0,1.0,False
genome_wide_enrichment,kegg,kegg.pathway:ko00561,Glycerolipid metabolism,up,,,,,,1,15,1/111,2.371,0.3486,1.0,False
genome_wide_enrichment,kegg,kegg.pathway:ko00562,Inositol phosphate metabolism,up,,,,,,0,6,0/111,0.0,1.0,1.0,False
genome_wide_enrichment,kegg,kegg.pathway:ko00564,Glycerophospholipid metabolism,up,,,,,,0,16,0/111,0.0,1.0,1.0,False
genome_wide_enrichment,kegg,kegg.pathway:ko00620,Pyruvate metabolism,up,,,,,,1,48,1/111,0.741,0.7478,1.0,False
genome_wide_enrichment,kegg,kegg.pathway:ko00625,Chloroalkane and chloroalkene degradation,up,,,,,,0,10,0/111,0.0,1.0,1.0,False
genome_wide_enrichment,kegg,kegg.pathway:ko00627,Aminobenzoate degradation,up,,,,,,0,6,0/111,0.0,1.0,1.0,False
genome_wide_enrichment,kegg,kegg.pathway:ko00643,Styrene degradation,up,,,,,,0,6,0/111,0.0,1.0,1.0,False
genome_wide_enrichment,kegg,kegg.pathway:ko00650,Butanoate metabolism,up,,,,,,0,24,0/111,0.0,1.0,1.0,False
genome_wide_enrichment,kegg,kegg.pathway:ko00660,C5-Branched dibasic acid metabolism,up,,,,,,0,9,0/111,0.0,1.0,1.0,False
genome_wide_enrichment,kegg,kegg.pathway:ko00670,One carbon pool by folate,up,,,,,,1,25,1/111,1.422,0.511,1.0,False
genome_wide_enrichment,kegg,kegg.pathway:ko00710,Carbon fixation by Calvin cycle,up,,,,,,0,19,0/111,0.0,1.0,1.0,False
genome_wide_enrichment,kegg,kegg.pathway:ko00720,Other carbon fixation pathways,up,,,,,,1,29,1/111,1.226,0.5641,1.0,False
genome_wide_enrichment,kegg,kegg.pathway:ko00730,Thiamine metabolism,up,,,,,,0,11,0/111,0.0,1.0,1.0,False
genome_wide_enrichment,kegg,kegg.pathway:ko00740,Riboflavin metabolism,up,,,,,,0,10,0/111,0.0,1.0,1.0,False
genome_wide_enrichment,kegg,kegg.pathway:ko00750,Vitamin B6 metabolism,up,,,,,,0,8,0/111,0.0,1.0,1.0,False
genome_wide_enrichment,kegg,kegg.pathway:ko00760,Nicotinate and nicotinamide metabolism,up,,,,,,1,16,1/111,2.222,0.367,1.0,False
genome_wide_enrichment,kegg,kegg.pathway:ko00770,Pantothenate and CoA biosynthesis,up,,,,,,1,19,1/111,1.872,0.4191,1.0,False
genome_wide_enrichment,kegg,kegg.pathway:ko00780,Biotin metabolism,up,,,,,,0,13,0/111,0.0,1.0,1.0,False
genome_wide_enrichment,kegg,kegg.pathway:ko00790,Folate biosynthesis,up,,,,,,0,33,0/111,0.0,1.0,1.0,False
genome_wide_enrichment,kegg,kegg.pathway:ko00860,Porphyrin metabolism,up,,,,,,0,21,0/111,0.0,1.0,1.0,False
genome_wide_enrichment,kegg,kegg.pathway:ko00900,Terpenoid backbone biosynthesis,up,,,,,,0,15,0/111,0.0,1.0,1.0,False
genome_wide_enrichment,kegg,kegg.pathway:ko00907,"Pinene, camphor and geraniol degradation",up,,,,,,0,8,0/111,0.0,1.0,1.0,False
genome_wide_enrichment,kegg,kegg.pathway:ko00910,Nitrogen metabolism,up,,,,,,1,16,1/111,2.222,0.367,1.0,False
genome_wide_enrichment,kegg,kegg.pathway:ko00970,Aminoacyl-tRNA biosynthesis,up,,,,,,0,26,0/111,0.0,1.0,1.0,False
genome_wide_enrichment,kegg,kegg.pathway:ko00980,Metabolism of xenobiotics by cytochrome P450,up,,,,,,0,7,0/111,0.0,1.0,1.0,False
genome_wide_enrichment,kegg,kegg.pathway:ko00982,Drug metabolism - cytochrome P450,up,,,,,,0,7,0/111,0.0,1.0,1.0,False
genome_wide_enrichment,kegg,kegg.pathway:ko00983,Drug metabolism - other enzymes,up,,,,,,0,13,0/111,0.0,1.0,1.0,False
genome_wide_enrichment,kegg,kegg.pathway:ko00999,Biosynthesis of various plant secondary metabolites,up,,,,,,0,5,0/111,0.0,1.0,1.0,False
genome_wide_enrichment,kegg,kegg.pathway:ko01212,Fatty acid metabolism,up,,,,,,0,34,0/111,0.0,1.0,1.0,False
genome_wide_enrichment,kegg,kegg.pathway:ko01240,Biosynthesis of cofactors,up,,,,,,2,134,2/111,0.531,0.8974,1.0,False
genome_wide_enrichment,kegg,kegg.pathway:ko01250,Biosynthesis of nucleotide sugars,up,,,,,,1,38,1/111,0.936,0.6635,1.0,False
genome_wide_enrichment,kegg,kegg.pathway:ko01501,beta-Lactam resistance,up,,,,,,1,22,1/111,1.616,0.467,1.0,False
genome_wide_enrichment,kegg,kegg.pathway:ko01502,Vancomycin resistance,up,,,,,,0,5,0/111,0.0,1.0,1.0,False
genome_wide_enrichment,kegg,kegg.pathway:ko01503,Cationic antimicrobial peptide (CAMP) resistance,up,,,,,,1,28,1/111,1.27,0.5513,1.0,False
genome_wide_enrichment,kegg,kegg.pathway:ko01523,Antifolate resistance,up,,,,,,1,8,1/111,4.445,0.2042,1.0,False
genome_wide_enrichment,kegg,kegg.pathway:ko01524,Platinum drug resistance,up,,,,,,0,5,0/111,0.0,1.0,1.0,False
genome_wide_enrichment,kegg,kegg.pathway:ko02010,ABC transporters,up,,,,,,1,53,1/111,0.671,0.7817,1.0,False
genome_wide_enrichment,kegg,kegg.pathway:ko02020,Two-component system,up,,,,,,1,146,1/111,0.244,0.9857,1.0,False
genome_wide_enrichment,kegg,kegg.pathway:ko02024,Quorum sensing,up,,,,,,0,53,0/111,0.0,1.0,1.0,False
genome_wide_enrichment,kegg,kegg.pathway:ko02025,Biofilm formation - Pseudomonas aeruginosa,up,,,,,,0,28,0/111,0.0,1.0,1.0,False
genome_wide_enrichment,kegg,kegg.pathway:ko02026,Biofilm formation - Escherichia coli,up,,,,,,0,30,0/111,0.0,1.0,1.0,False
genome_wide_enrichment,kegg,kegg.pathway:ko02030,Bacterial chemotaxis,up,,,,,,1,50,1/111,0.711,0.762,1.0,False
genome_wide_enrichment,kegg,kegg.pathway:ko02040,Flagellar assembly,up,,,,,,0,49,0/111,0.0,1.0,1.0,False
genome_wide_enrichment,kegg,kegg.pathway:ko03010,Ribosome,up,,,,,,0,54,0/111,0.0,1.0,1.0,False
genome_wide_enrichment,kegg,kegg.pathway:ko03018,RNA degradation,up,,,,,,0,19,0/111,0.0,1.0,1.0,False
genome_wide_enrichment,kegg,kegg.pathway:ko03030,DNA replication,up,,,,,,1,18,1/111,1.975,0.4023,1.0,False
genome_wide_enrichment,kegg,kegg.pathway:ko03060,Protein export,up,,,,,,0,18,0/111,0.0,1.0,1.0,False
genome_wide_enrichment,kegg,kegg.pathway:ko03070,Bacterial secretion system,up,,,,,,0,29,0/111,0.0,1.0,1.0,False
genome_wide_enrichment,kegg,kegg.pathway:ko03320,PPAR signaling pathway,up,,,,,,0,10,0/111,0.0,1.0,1.0,False
genome_wide_enrichment,kegg,kegg.pathway:ko03410,Base excision repair,up,,,,,,1,15,1/111,2.371,0.3486,1.0,False
genome_wide_enrichment,kegg,kegg.pathway:ko03420,Nucleotide excision repair,up,,,,,,1,11,1/111,3.233,0.2696,1.0,False
genome_wide_enrichment,kegg,kegg.pathway:ko03430,Mismatch repair,up,,,,,,1,24,1/111,1.482,0.4967,1.0,False
genome_wide_enrichment,kegg,kegg.pathway:ko03440,Homologous recombination,up,,,,,,0,25,0/111,0.0,1.0,1.0,False
genome_wide_enrichment,kegg,kegg.pathway:ko04066,HIF-1 signaling pathway,up,,,,,,0,7,0/111,0.0,1.0,1.0,False
genome_wide_enrichment,kegg,kegg.pathway:ko04112,Cell cycle - Caulobacter,up,,,,,,0,13,0/111,0.0,1.0,1.0,False
genome_wide_enrichment,kegg,kegg.pathway:ko04122,Sulfur relay system,up,,,,,,0,16,0/111,0.0,1.0,1.0,False
genome_wide_enrichment,kegg,kegg.pathway:ko04146,Peroxisome,up,,,,,,1,14,1/111,2.54,0.3297,1.0,False
genome_wide_enrichment,kegg,kegg.pathway:ko04212,Longevity regulating pathway - worm,up,,,,,,0,14,0/111,0.0,1.0,1.0,False
genome_wide_enrichment,kegg,kegg.pathway:ko04213,Longevity regulating pathway - multiple species,up,,,,,,0,8,0/111,0.0,1.0,1.0,False
genome_wide_enrichment,kegg,kegg.pathway:ko04217,Necroptosis,up,,,,,,0,5,0/111,0.0,1.0,1.0,False
genome_wide_enrichment,kegg,kegg.pathway:ko04621,NOD-like receptor signaling pathway,up,,,,,,0,8,0/111,0.0,1.0,1.0,False
genome_wide_enrichment,kegg,kegg.pathway:ko04626,Plant-pathogen interaction,up,,,,,,0,12,0/111,0.0,1.0,1.0,False
genome_wide_enrichment,kegg,kegg.pathway:ko04714,Thermogenesis,up,,,,,,0,10,0/111,0.0,1.0,1.0,False
genome_wide_enrichment,kegg,kegg.pathway:ko04922,Glucagon signaling pathway,up,,,,,,0,5,0/111,0.0,1.0,1.0,False
genome_wide_enrichment,kegg,kegg.pathway:ko04936,Alcoholic liver disease,up,,,,,,0,7,0/111,0.0,1.0,1.0,False
genome_wide_enrichment,kegg,kegg.pathway:ko04981,Folate transport and metabolism,up,,,,,,1,9,1/111,3.951,0.2266,1.0,False
genome_wide_enrichment,kegg,kegg.pathway:ko05010,Alzheimer disease,up,,,,,,0,6,0/111,0.0,1.0,1.0,False
genome_wide_enrichment,kegg,kegg.pathway:ko05012,Parkinson disease,up,,,,,,0,6,0/111,0.0,1.0,1.0,False
genome_wide_enrichment,kegg,kegg.pathway:ko05014,Amyotrophic lateral sclerosis,up,,,,,,0,9,0/111,0.0,1.0,1.0,False
genome_wide_enrichment,kegg,kegg.pathway:ko05016,Huntington disease,up,,,,,,0,7,0/111,0.0,1.0,1.0,False
genome_wide_enrichment,kegg,kegg.pathway:ko05022,Pathways of neurodegeneration - multiple diseases,up,,,,,,0,9,0/111,0.0,1.0,1.0,False
genome_wide_enrichment,kegg,kegg.pathway:ko05111,Biofilm formation - Vibrio cholerae,up,,,,,,0,44,0/111,0.0,1.0,1.0,False
genome_wide_enrichment,kegg,kegg.pathway:ko05131,Shigellosis,up,,,,,,0,5,0/111,0.0,1.0,1.0,False
genome_wide_enrichment,kegg,kegg.pathway:ko05132,Salmonella infection,up,,,,,,0,11,0/111,0.0,1.0,1.0,False
genome_wide_enrichment,kegg,kegg.pathway:ko05134,Legionellosis,up,,,,,,0,8,0/111,0.0,1.0,1.0,False
genome_wide_enrichment,kegg,kegg.pathway:ko05152,Tuberculosis,up,,,,,,0,5,0/111,0.0,1.0,1.0,False
genome_wide_enrichment,kegg,kegg.pathway:ko05200,Pathways in cancer,up,,,,,,0,7,0/111,0.0,1.0,1.0,False
genome_wide_enrichment,kegg,kegg.pathway:ko05204,Chemical carcinogenesis - DNA adducts,up,,,,,,0,5,0/111,0.0,1.0,1.0,False
genome_wide_enrichment,kegg,kegg.pathway:ko05207,Chemical carcinogenesis - receptor activation,up,,,,,,0,6,0/111,0.0,1.0,1.0,False
genome_wide_enrichment,kegg,kegg.pathway:ko05208,Chemical carcinogenesis - reactive oxygen species,up,,,,,,1,14,1/111,2.54,0.3297,1.0,False
genome_wide_enrichment,kegg,kegg.pathway:ko05225,Hepatocellular carcinoma,up,,,,,,0,5,0/111,0.0,1.0,1.0,False
genome_wide_enrichment,kegg,kegg.pathway:ko05230,Central carbon metabolism in cancer,up,,,,,,0,7,0/111,0.0,1.0,1.0,False
genome_wide_enrichment,kegg,kegg.pathway:ko05340,Primary immunodeficiency,up,,,,,,0,5,0/111,0.0,1.0,1.0,False
genome_wide_enrichment,kegg,kegg.pathway:ko05415,Diabetic cardiomyopathy,up,,,,,,0,11,0/111,0.0,1.0,1.0,False
genome_wide_enrichment,kegg,kegg.pathway:ko05418,Fluid shear stress and atherosclerosis,up,,,,,,0,9,0/111,0.0,1.0,1.0,False
genome_wide_enrichment,ec,ec:1.11.1.-,Peroxidases,down,,,,,,4,14,4/163,6.918,0.002028,0.1724,False
genome_wide_enrichment,ec,ec:1.1.1.-,With NAD(+) or NADP(+) as acceptor,down,,,,,,3,59,3/163,1.231,0.443,1.0,False
genome_wide_enrichment,ec,ec:1.1.5.-,With a quinone or similar compound as acceptor,down,,,,,,1,6,1/163,4.036,0.2237,1.0,False
genome_wide_enrichment,ec,ec:1.13.11.-,With incorporation of two atoms of oxygen,down,,,,,,0,7,0/163,0.0,1.0,1.0,False
genome_wide_enrichment,ec,ec:1.14.11.-,"With 2-oxoglutarate as one donor, and incorporation of one atom each of oxygen into both donors",down,,,,,,0,6,0/163,0.0,1.0,1.0,False
genome_wide_enrichment,ec,ec:1.14.19.-,With oxidation of a pair of donors resulting in the reduction of molecular oxygen to two molecules of water,down,,,,,,0,9,0/163,0.0,1.0,1.0,False
genome_wide_enrichment,ec,ec:1.17.1.-,With NAD(+) or NADP(+) as acceptor,down,,,,,,0,7,0/163,0.0,1.0,1.0,False
genome_wide_enrichment,ec,ec:1.2.1.-,With NAD(+) or NADP(+) as acceptor,down,,,,,,1,17,1/163,1.424,0.5125,1.0,False
genome_wide_enrichment,ec,ec:1.3.1.-,With NAD(+) or NADP(+) as acceptor,down,,,,,,0,11,0/163,0.0,1.0,1.0,False
genome_wide_enrichment,ec,ec:1.3.8.-,With a flavin as acceptor,down,,,,,,0,7,0/163,0.0,1.0,1.0,False
genome_wide_enrichment,ec,ec:1.3.99.-,With other acceptors,down,,,,,,0,6,0/163,0.0,1.0,1.0,False
genome_wide_enrichment,ec,ec:1.4.1.-,With NAD(+) or NADP(+) as acceptor,down,,,,,,0,7,0/163,0.0,1.0,1.0,False
genome_wide_enrichment,ec,ec:1.5.1.-,With NAD(+) or NADP(+) as acceptor,down,,,,,,0,9,0/163,0.0,1.0,1.0,False
genome_wide_enrichment,ec,ec:1.6.5.-,With a quinone or similar compound as acceptor,down,,,,,,1,6,1/163,4.036,0.2237,1.0,False
genome_wide_enrichment,ec,ec:1.8.1.-,With NAD(+) or NADP(+) as acceptor,down,,,,,,0,7,0/163,0.0,1.0,1.0,False
genome_wide_enrichment,ec,ec:1.8.4.-,With a disulfide as acceptor,down,,,,,,2,8,2/163,6.054,0.04029,1.0,False
genome_wide_enrichment,ec,ec:2.1.1.-,Methyltransferases,down,,,,,,1,65,1/163,0.373,0.937,1.0,False
genome_wide_enrichment,ec,ec:2.1.2.-,"Hydroxymethyl-, formyl- and related transferases",down,,,,,,0,8,0/163,0.0,1.0,1.0,False
genome_wide_enrichment,ec,ec:2.2.1.-,Transketolases and transaldolases,down,,,,,,0,6,0/163,0.0,1.0,1.0,False
genome_wide_enrichment,ec,ec:2.3.1.-,Transferring groups other than amino-acyl groups,down,,,,,,1,57,1/163,0.425,0.9112,1.0,False
genome_wide_enrichment,ec,ec:2.3.2.-,Aminoacyltransferases,down,,,,,,1,9,1/163,2.691,0.3161,1.0,False
genome_wide_enrichment,ec,ec:2.4.1.-,Hexosyltransferases,down,,,,,,1,18,1/163,1.345,0.5327,1.0,False
genome_wide_enrichment,ec,ec:2.4.2.-,Pentosyltransferases,down,,,,,,0,12,0/163,0.0,1.0,1.0,False
genome_wide_enrichment,ec,ec:2.4.99.-,Transferring other glycosyl groups,down,,,,,,0,6,0/163,0.0,1.0,1.0,False
genome_wide_enrichment,ec,ec:2.5.1.-,"Transferring alkyl or aryl groups, other than methyl groups",down,,,,,,2,36,2/163,1.345,0.4419,1.0,False
genome_wide_enrichment,ec,ec:2.6.1.-,Transaminases,down,,,,,,0,18,0/163,0.0,1.0,1.0,False
genome_wide_enrichment,ec,ec:2.7.1.-,Phosphotransferases with an alcohol group as acceptor,down,,,,,,1,37,1/163,0.654,0.7915,1.0,False
genome_wide_enrichment,ec,ec:2.7.11.-,Protein-serine/threonine kinases,down,,,,,,0,11,0/163,0.0,1.0,1.0,False
genome_wide_enrichment,ec,ec:2.7.13.-,Protein-histidine kinases,down,,,,,,4,50,4/163,1.937,0.1499,1.0,False
genome_wide_enrichment,ec,ec:2.7.2.-,Phosphotransferases with a carboxy group as acceptor,down,,,,,,1,7,1/163,3.459,0.2558,1.0,False
genome_wide_enrichment,ec,ec:2.7.4.-,Phosphotransferases with a phosphate group as acceptor,down,,,,,,0,10,0/163,0.0,1.0,1.0,False
genome_wide_enrichment,ec,ec:2.7.6.-,Diphosphotransferases,down,,,,,,0,5,0/163,0.0,1.0,1.0,False
genome_wide_enrichment,ec,ec:2.7.7.-,Nucleotidyltransferases,down,,,,,,2,101,2/163,0.479,0.927,1.0,False
genome_wide_enrichment,ec,ec:2.7.8.-,Transferases for other substituted phosphate groups,down,,,,,,0,8,0/163,0.0,1.0,1.0,False
genome_wide_enrichment,ec,ec:2.8.1.-,Sulfurtransferases,down,,,,,,1,15,1/163,1.614,0.4694,1.0,False
genome_wide_enrichment,ec,ec:3.1.1.-,Carboxylic ester hydrolases,down,,,,,,2,22,2/163,2.201,0.2297,1.0,False
genome_wide_enrichment,ec,ec:3.1.11.-,Exodeoxyribonucleases producing 5^-phosphomonoesters,down,,,,,,0,8,0/163,0.0,1.0,1.0,False
genome_wide_enrichment,ec,ec:3.1.2.-,Thiolester hydrolases,down,,,,,,0,14,0/163,0.0,1.0,1.0,False
genome_wide_enrichment,ec,ec:3.1.21.-,Endodeoxyribonucleases producing 5^-phosphomonoesters,down,,,,,,0,5,0/163,0.0,1.0,1.0,False
genome_wide_enrichment,ec,ec:3.1.26.-,Endoribonucleases producing 5^-phosphomonoesters,down,,,,,,0,7,0/163,0.0,1.0,1.0,False
genome_wide_enrichment,ec,ec:3.1.3.-,Phosphoric monoester hydrolases,down,,,,,,2,34,2/163,1.424,0.4131,1.0,False
genome_wide_enrichment,ec,ec:3.1.4.-,Phosphoric diester hydrolases,down,,,,,,1,20,1/163,1.211,0.5707,1.0,False
genome_wide_enrichment,ec,ec:3.2.1.-,"Glycosidases, i.e. enzymes hydrolyzing O- and S-glycosyl compounds",down,,,,,,0,23,0/163,0.0,1.0,1.0,False
genome_wide_enrichment,ec,ec:3.2.2.-,Hydrolyzing N-glycosyl compounds,down,,,,,,0,13,0/163,0.0,1.0,1.0,False
genome_wide_enrichment,ec,ec:3.4.11.-,Aminopeptidases,down,,,,,,0,10,0/163,0.0,1.0,1.0,False
genome_wide_enrichment,ec,ec:3.4.13.-,Dipeptidases,down,,,,,,0,6,0/163,0.0,1.0,1.0,False
genome_wide_enrichment,ec,ec:3.4.16.-,Serine-type carboxypeptidases,down,,,,,,0,8,0/163,0.0,1.0,1.0,False
genome_wide_enrichment,ec,ec:3.4.19.-,Omega peptidases,down,,,,,,0,6,0/163,0.0,1.0,1.0,False
genome_wide_enrichment,ec,ec:3.4.21.-,Serine endopeptidases,down,,,,,,1,19,1/163,1.274,0.5521,1.0,False
genome_wide_enrichment,ec,ec:3.4.23.-,Aspartic endopeptidases,down,,,,,,1,6,1/163,4.036,0.2237,1.0,False
genome_wide_enrichment,ec,ec:3.4.24.-,Metalloendopeptidases,down,,,,,,1,13,1/163,1.863,0.4225,1.0,False
genome_wide_enrichment,ec,ec:3.5.1.-,In linear amides,down,,,,,,1,36,1/163,0.673,0.7824,1.0,False
genome_wide_enrichment,ec,ec:3.5.2.-,In cyclic amides,down,,,,,,0,8,0/163,0.0,1.0,1.0,False
genome_wide_enrichment,ec,ec:3.5.4.-,In cyclic amidines,down,,,,,,0,17,0/163,0.0,1.0,1.0,False
genome_wide_enrichment,ec,ec:3.6.1.-,In phosphorus-containing anhydrides,down,,,,,,1,33,1/163,0.734,0.7528,1.0,False
genome_wide_enrichment,ec,ec:3.6.4.-,Acting on ATP; involved in cellular and subcellular movement,down,,,,,,0,20,0/163,0.0,1.0,1.0,False
genome_wide_enrichment,ec,ec:3.6.5.-,Acting on GTP; involved in cellular and subcellular movement,down,,,,,,0,8,0/163,0.0,1.0,1.0,False
genome_wide_enrichment,ec,ec:4.1.1.-,Carboxy-lyases,down,,,,,,1,18,1/163,1.345,0.5327,1.0,False
genome_wide_enrichment,ec,ec:4.1.2.-,Aldehyde-lyases,down,,,,,,0,6,0/163,0.0,1.0,1.0,False
genome_wide_enrichment,ec,ec:4.1.3.-,Oxo-acid-lyases,down,,,,,,0,11,0/163,0.0,1.0,1.0,False
genome_wide_enrichment,ec,ec:4.1.99.-,Other carbon-carbon lyases,down,,,,,,0,6,0/163,0.0,1.0,1.0,False
genome_wide_enrichment,ec,ec:4.2.1.-,Hydro-lyases,down,,,,,,1,42,1/163,0.577,0.8315,1.0,False
genome_wide_enrichment,ec,ec:4.2.2.-,Acting on polysaccharides,down,,,,,,0,6,0/163,0.0,1.0,1.0,False
genome_wide_enrichment,ec,ec:4.3.1.-,Ammonia-lyases,down,,,,,,0,5,0/163,0.0,1.0,1.0,False
genome_wide_enrichment,ec,ec:4.4.1.-,Carbon-sulfur lyases,down,,,,,,0,8,0/163,0.0,1.0,1.0,False
genome_wide_enrichment,ec,ec:4.6.1.-,Phosphorus-oxygen lyases,down,,,,,,0,5,0/163,0.0,1.0,1.0,False
genome_wide_enrichment,ec,ec:5.1.3.-,Acting on carbohydrates and derivatives,down,,,,,,0,7,0/163,0.0,1.0,1.0,False
genome_wide_enrichment,ec,ec:5.2.1.-,Cis-trans isomerases,down,,,,,,0,12,0/163,0.0,1.0,1.0,False
genome_wide_enrichment,ec,ec:5.3.1.-,Interconverting aldoses and ketoses,down,,,,,,0,13,0/163,0.0,1.0,1.0,False
genome_wide_enrichment,ec,ec:5.4.2.-,Phosphotransferases (phosphomutases),down,,,,,,0,6,0/163,0.0,1.0,1.0,False
genome_wide_enrichment,ec,ec:5.4.99.-,Transferring other groups,down,,,,,,0,16,0/163,0.0,1.0,1.0,False
genome_wide_enrichment,ec,ec:5.6.2.-,Enzymes altering nucleic acid conformation,down,,,,,,0,13,0/163,0.0,1.0,1.0,False
genome_wide_enrichment,ec,ec:6.1.1.-,Ligases forming aminoacyl-tRNA and related compounds,down,,,,,,0,23,0/163,0.0,1.0,1.0,False
genome_wide_enrichment,ec,ec:6.2.1.-,Acid--thiol ligases,down,,,,,,0,7,0/163,0.0,1.0,1.0,False
genome_wide_enrichment,ec,ec:6.3.1.-,Acid--ammonia (or amine) ligases (amide synthases),down,,,,,,0,6,0/163,0.0,1.0,1.0,False
genome_wide_enrichment,ec,ec:6.3.2.-,Acid--amino-acid ligases (peptide synthases),down,,,,,,0,15,0/163,0.0,1.0,1.0,False
genome_wide_enrichment,ec,ec:6.3.4.-,Other carbon--nitrogen ligases,down,,,,,,0,10,0/163,0.0,1.0,1.0,False
genome_wide_enrichment,ec,ec:6.3.5.-,Carbon--nitrogen ligases with glutamine as amido-N-donor,down,,,,,,0,8,0/163,0.0,1.0,1.0,False
genome_wide_enrichment,ec,ec:6.4.1.-,Forming carbon-carbon bonds,down,,,,,,0,6,0/163,0.0,1.0,1.0,False
genome_wide_enrichment,ec,ec:7.1.1.-,Hydron translocation or charge separation linked to oxidoreductase reactions,down,,,,,,1,18,1/163,1.345,0.5327,1.0,False
genome_wide_enrichment,ec,ec:7.1.2.-,Hydron translocation linked to the hydrolysis of a nucleoside triphosphate,down,,,,,,0,9,0/163,0.0,1.0,1.0,False
genome_wide_enrichment,ec,ec:7.2.1.-,Linked to oxidoreductase reactions,down,,,,,,0,6,0/163,0.0,1.0,1.0,False
genome_wide_enrichment,ec,ec:7.2.2.-,Linked to the hydrolysis of a nucleoside triphosphate,down,,,,,,0,5,0/163,0.0,1.0,1.0,False
genome_wide_enrichment,ec,ec:7.5.2.-,Linked to the hydrolysis of a nucleoside triphosphate,down,,,,,,0,5,0/163,0.0,1.0,1.0,False
genome_wide_enrichment,ec,ec:7.6.2.-,Linked to the hydrolysis of a nucleoside triphosphate,down,,,,,,0,8,0/163,0.0,1.0,1.0,False
genome_wide_enrichment,ec,ec:1.1.1.-,With NAD(+) or NADP(+) as acceptor,up,,,,,,1,59,1/111,0.603,0.8165,1.0,False
genome_wide_enrichment,ec,ec:1.1.5.-,With a quinone or similar compound as acceptor,up,,,,,,0,6,0/111,0.0,1.0,1.0,False
genome_wide_enrichment,ec,ec:1.11.1.-,Peroxidases,up,,,,,,0,14,0/111,0.0,1.0,1.0,False
genome_wide_enrichment,ec,ec:1.13.11.-,With incorporation of two atoms of oxygen,up,,,,,,1,7,1/111,5.08,0.1811,1.0,False
genome_wide_enrichment,ec,ec:1.14.11.-,"With 2-oxoglutarate as one donor, and incorporation of one atom each of oxygen into both donors",up,,,,,,0,6,0/111,0.0,1.0,1.0,False
genome_wide_enrichment,ec,ec:1.14.19.-,With oxidation of a pair of donors resulting in the reduction of molecular oxygen to two molecules of water,up,,,,,,1,9,1/111,3.951,0.2266,1.0,False
genome_wide_enrichment,ec,ec:1.17.1.-,With NAD(+) or NADP(+) as acceptor,up,,,,,,1,7,1/111,5.08,0.1811,1.0,False
genome_wide_enrichment,ec,ec:1.2.1.-,With NAD(+) or NADP(+) as acceptor,up,,,,,,2,17,2/111,4.183,0.08102,1.0,False
genome_wide_enrichment,ec,ec:1.3.1.-,With NAD(+) or NADP(+) as acceptor,up,,,,,,0,11,0/111,0.0,1.0,1.0,False
genome_wide_enrichment,ec,ec:1.3.8.-,With a flavin as acceptor,up,,,,,,0,7,0/111,0.0,1.0,1.0,False
genome_wide_enrichment,ec,ec:1.3.99.-,With other acceptors,up,,,,,,0,6,0/111,0.0,1.0,1.0,False
genome_wide_enrichment,ec,ec:1.4.1.-,With NAD(+) or NADP(+) as acceptor,up,,,,,,0,7,0/111,0.0,1.0,1.0,False
genome_wide_enrichment,ec,ec:1.5.1.-,With NAD(+) or NADP(+) as acceptor,up,,,,,,0,9,0/111,0.0,1.0,1.0,False
genome_wide_enrichment,ec,ec:1.6.5.-,With a quinone or similar compound as acceptor,up,,,,,,0,6,0/111,0.0,1.0,1.0,False
genome_wide_enrichment,ec,ec:1.8.1.-,With NAD(+) or NADP(+) as acceptor,up,,,,,,0,7,0/111,0.0,1.0,1.0,False
genome_wide_enrichment,ec,ec:1.8.4.-,With a disulfide as acceptor,up,,,,,,0,8,0/111,0.0,1.0,1.0,False
genome_wide_enrichment,ec,ec:2.1.1.-,Methyltransferases,up,,,,,,0,65,0/111,0.0,1.0,1.0,False
genome_wide_enrichment,ec,ec:2.1.2.-,"Hydroxymethyl-, formyl- and related transferases",up,,,,,,1,8,1/111,4.445,0.2042,1.0,False
genome_wide_enrichment,ec,ec:2.2.1.-,Transketolases and transaldolases,up,,,,,,0,6,0/111,0.0,1.0,1.0,False
genome_wide_enrichment,ec,ec:2.3.1.-,Transferring groups other than amino-acyl groups,up,,,,,,2,57,2/111,1.248,0.4802,1.0,False
genome_wide_enrichment,ec,ec:2.3.2.-,Aminoacyltransferases,up,,,,,,1,9,1/111,3.951,0.2266,1.0,False
genome_wide_enrichment,ec,ec:2.4.1.-,Hexosyltransferases,up,,,,,,2,18,2/111,3.951,0.08953,1.0,False
genome_wide_enrichment,ec,ec:2.4.2.-,Pentosyltransferases,up,,,,,,0,12,0/111,0.0,1.0,1.0,False
genome_wide_enrichment,ec,ec:2.4.99.-,Transferring other glycosyl groups,up,,,,,,0,6,0/111,0.0,1.0,1.0,False
genome_wide_enrichment,ec,ec:2.5.1.-,"Transferring alkyl or aryl groups, other than methyl groups",up,,,,,,0,36,0/111,0.0,1.0,1.0,False
genome_wide_enrichment,ec,ec:2.6.1.-,Transaminases,up,,,,,,2,18,2/111,3.951,0.08953,1.0,False
genome_wide_enrichment,ec,ec:2.7.1.-,Phosphotransferases with an alcohol group as acceptor,up,,,,,,3,37,3/111,2.883,0.08438,1.0,False
genome_wide_enrichment,ec,ec:2.7.11.-,Protein-serine/threonine kinases,up,,,,,,0,11,0/111,0.0,1.0,1.0,False
genome_wide_enrichment,ec,ec:2.7.13.-,Protein-histidine kinases,up,,,,,,0,50,0/111,0.0,1.0,1.0,False
genome_wide_enrichment,ec,ec:2.7.2.-,Phosphotransferases with a carboxy group as acceptor,up,,,,,,0,7,0/111,0.0,1.0,1.0,False
genome_wide_enrichment,ec,ec:2.7.4.-,Phosphotransferases with a phosphate group as acceptor,up,,,,,,0,10,0/111,0.0,1.0,1.0,False
genome_wide_enrichment,ec,ec:2.7.6.-,Diphosphotransferases,up,,,,,,0,5,0/111,0.0,1.0,1.0,False
genome_wide_enrichment,ec,ec:2.7.7.-,Nucleotidyltransferases,up,,,,,,3,101,3/111,1.056,0.5455,1.0,False
genome_wide_enrichment,ec,ec:2.7.8.-,Transferases for other substituted phosphate groups,up,,,,,,1,8,1/111,4.445,0.2042,1.0,False
genome_wide_enrichment,ec,ec:2.8.1.-,Sulfurtransferases,up,,,,,,0,15,0/111,0.0,1.0,1.0,False
genome_wide_enrichment,ec,ec:3.1.1.-,Carboxylic ester hydrolases,up,,,,,,2,22,2/111,3.233,0.1259,1.0,False
genome_wide_enrichment,ec,ec:3.1.11.-,Exodeoxyribonucleases producing 5^-phosphomonoesters,up,,,,,,0,8,0/111,0.0,1.0,1.0,False
genome_wide_enrichment,ec,ec:3.1.2.-,Thiolester hydrolases,up,,,,,,0,14,0/111,0.0,1.0,1.0,False
genome_wide_enrichment,ec,ec:3.1.21.-,Endodeoxyribonucleases producing 5^-phosphomonoesters,up,,,,,,0,5,0/111,0.0,1.0,1.0,False
genome_wide_enrichment,ec,ec:3.1.26.-,Endoribonucleases producing 5^-phosphomonoesters,up,,,,,,0,7,0/111,0.0,1.0,1.0,False
genome_wide_enrichment,ec,ec:3.1.3.-,Phosphoric monoester hydrolases,up,,,,,,2,34,2/111,2.092,0.2477,1.0,False
genome_wide_enrichment,ec,ec:3.1.4.-,Phosphoric diester hydrolases,up,,,,,,0,20,0/111,0.0,1.0,1.0,False
genome_wide_enrichment,ec,ec:3.2.1.-,"Glycosidases, i.e. enzymes hydrolyzing O- and S-glycosyl compounds",up,,,,,,3,23,3/111,4.638,0.02546,1.0,False
genome_wide_enrichment,ec,ec:3.2.2.-,Hydrolyzing N-glycosyl compounds,up,,,,,,0,13,0/111,0.0,1.0,1.0,False
genome_wide_enrichment,ec,ec:3.4.11.-,Aminopeptidases,up,,,,,,0,10,0/111,0.0,1.0,1.0,False
genome_wide_enrichment,ec,ec:3.4.13.-,Dipeptidases,up,,,,,,0,6,0/111,0.0,1.0,1.0,False
genome_wide_enrichment,ec,ec:3.4.16.-,Serine-type carboxypeptidases,up,,,,,,0,8,0/111,0.0,1.0,1.0,False
genome_wide_enrichment,ec,ec:3.4.19.-,Omega peptidases,up,,,,,,1,6,1/111,5.926,0.1574,1.0,False
genome_wide_enrichment,ec,ec:3.4.21.-,Serine endopeptidases,up,,,,,,0,19,0/111,0.0,1.0,1.0,False
genome_wide_enrichment,ec,ec:3.4.23.-,Aspartic endopeptidases,up,,,,,,0,6,0/111,0.0,1.0,1.0,False
genome_wide_enrichment,ec,ec:3.4.24.-,Metalloendopeptidases,up,,,,,,0,13,0/111,0.0,1.0,1.0,False
genome_wide_enrichment,ec,ec:3.5.1.-,In linear amides,up,,,,,,1,36,1/111,0.988,0.6436,1.0,False
genome_wide_enrichment,ec,ec:3.5.2.-,In cyclic amides,up,,,,,,1,8,1/111,4.445,0.2042,1.0,False
genome_wide_enrichment,ec,ec:3.5.4.-,In cyclic amidines,up,,,,,,1,17,1/111,2.092,0.3849,1.0,False
genome_wide_enrichment,ec,ec:3.6.1.-,In phosphorus-containing anhydrides,up,,,,,,2,33,2/111,2.155,0.2372,1.0,False
genome_wide_enrichment,ec,ec:3.6.4.-,Acting on ATP; involved in cellular and subcellular movement,up,,,,,,0,20,0/111,0.0,1.0,1.0,False
genome_wide_enrichment,ec,ec:3.6.5.-,Acting on GTP; involved in cellular and subcellular movement,up,,,,,,0,8,0/111,0.0,1.0,1.0,False
genome_wide_enrichment,ec,ec:4.1.1.-,Carboxy-lyases,up,,,,,,1,18,1/111,1.975,0.4023,1.0,False
genome_wide_enrichment,ec,ec:4.1.2.-,Aldehyde-lyases,up,,,,,,0,6,0/111,0.0,1.0,1.0,False
genome_wide_enrichment,ec,ec:4.1.3.-,Oxo-acid-lyases,up,,,,,,0,11,0/111,0.0,1.0,1.0,False
genome_wide_enrichment,ec,ec:4.1.99.-,Other carbon-carbon lyases,up,,,,,,0,6,0/111,0.0,1.0,1.0,False
genome_wide_enrichment,ec,ec:4.2.1.-,Hydro-lyases,up,,,,,,2,42,2/111,1.693,0.3318,1.0,False
genome_wide_enrichment,ec,ec:4.2.2.-,Acting on polysaccharides,up,,,,,,0,6,0/111,0.0,1.0,1.0,False
genome_wide_enrichment,ec,ec:4.3.1.-,Ammonia-lyases,up,,,,,,1,5,1/111,7.112,0.133,1.0,False
genome_wide_enrichment,ec,ec:4.4.1.-,Carbon-sulfur lyases,up,,,,,,0,8,0/111,0.0,1.0,1.0,False
genome_wide_enrichment,ec,ec:4.6.1.-,Phosphorus-oxygen lyases,up,,,,,,0,5,0/111,0.0,1.0,1.0,False
genome_wide_enrichment,ec,ec:5.1.3.-,Acting on carbohydrates and derivatives,up,,,,,,0,7,0/111,0.0,1.0,1.0,False
genome_wide_enrichment,ec,ec:5.2.1.-,Cis-trans isomerases,up,,,,,,0,12,0/111,0.0,1.0,1.0,False
genome_wide_enrichment,ec,ec:5.3.1.-,Interconverting aldoses and ketoses,up,,,,,,0,13,0/111,0.0,1.0,1.0,False
genome_wide_enrichment,ec,ec:5.4.2.-,Phosphotransferases (phosphomutases),up,,,,,,0,6,0/111,0.0,1.0,1.0,False
genome_wide_enrichment,ec,ec:5.4.99.-,Transferring other groups,up,,,,,,1,16,1/111,2.222,0.367,1.0,False
genome_wide_enrichment,ec,ec:5.6.2.-,Enzymes altering nucleic acid conformation,up,,,,,,0,13,0/111,0.0,1.0,1.0,False
genome_wide_enrichment,ec,ec:6.1.1.-,Ligases forming aminoacyl-tRNA and related compounds,up,,,,,,0,23,0/111,0.0,1.0,1.0,False
genome_wide_enrichment,ec,ec:6.2.1.-,Acid--thiol ligases,up,,,,,,0,7,0/111,0.0,1.0,1.0,False
genome_wide_enrichment,ec,ec:6.3.1.-,Acid--ammonia (or amine) ligases (amide synthases),up,,,,,,0,6,0/111,0.0,1.0,1.0,False
genome_wide_enrichment,ec,ec:6.3.2.-,Acid--amino-acid ligases (peptide synthases),up,,,,,,0,15,0/111,0.0,1.0,1.0,False
genome_wide_enrichment,ec,ec:6.3.4.-,Other carbon--nitrogen ligases,up,,,,,,0,10,0/111,0.0,1.0,1.0,False
genome_wide_enrichment,ec,ec:6.3.5.-,Carbon--nitrogen ligases with glutamine as amido-N-donor,up,,,,,,0,8,0/111,0.0,1.0,1.0,False
genome_wide_enrichment,ec,ec:6.4.1.-,Forming carbon-carbon bonds,up,,,,,,0,6,0/111,0.0,1.0,1.0,False
genome_wide_enrichment,ec,ec:7.1.1.-,Hydron translocation or charge separation linked to oxidoreductase reactions,up,,,,,,0,18,0/111,0.0,1.0,1.0,False
genome_wide_enrichment,ec,ec:7.1.2.-,Hydron translocation linked to the hydrolysis of a nucleoside triphosphate,up,,,,,,0,9,0/111,0.0,1.0,1.0,False
genome_wide_enrichment,ec,ec:7.2.1.-,Linked to oxidoreductase reactions,up,,,,,,0,6,0/111,0.0,1.0,1.0,False
genome_wide_enrichment,ec,ec:7.2.2.-,Linked to the hydrolysis of a nucleoside triphosphate,up,,,,,,0,5,0/111,0.0,1.0,1.0,False
genome_wide_enrichment,ec,ec:7.5.2.-,Linked to the hydrolysis of a nucleoside triphosphate,up,,,,,,0,5,0/111,0.0,1.0,1.0,False
genome_wide_enrichment,ec,ec:7.6.2.-,Linked to the hydrolysis of a nucleoside triphosphate,up,,,,,,1,8,1/111,4.445,0.2042,1.0,False
module_breakdown_flag,kegg,kegg.pathway:ko00280,"Valine, leucine and isoleucine degradation",up,branched-chain amino acid,exact,"tested, not enriched (up)","KEGG up ORA: k=3/M=32, fold=3.33, p_adj=0.58",,,,,,,,
module_breakdown_flag,kegg,kegg.pathway:ko00362,Benzoate degradation,up,benzoate,exact,"tested, not enriched (up)","KEGG up ORA: k=0/M=10, fold=0.00, p_adj=1",,,,,,,,
module_breakdown_flag,kegg,kegg.pathway:ko00627,Aminobenzoate degradation,up,aminobenzoyl-glutamate,broader,"tested, not enriched (up)","KEGG up ORA: k=0/M=6, fold=0.00, p_adj=1",,,,,,,,
module_breakdown_flag,kegg,kegg.pathway:ko01220,Degradation of aromatic compounds,up,3-phenylpropionic acid,broader,"tested, not enriched (up)","KEGG up ORA: k=1/M=6, fold=5.93, p_adj=0.95",,,,,,,,
