strain,locus_tag,gene_name,product,q_role,q_role_name,system_id,tier,tier_reason,system_members,known_false_positive,likely_transporter,likely_transporter_basis,tcdb_ids
med4,PMM0192,ddpD,"peptide/nickel ABC transport system, ATP-binding component",Q.1,"Amino acids, peptides and amines",sys_PMM0192,High,strong + role-complete + resolved,PMM0192:ddpD|PMM0421:dppC|PMM1048:dppB|PMM1049:dppA,False,strong,pfam|ko|cyanorak|tcdb,tcdb:3.A.1.5
med4,PMM0370,cynA,"cyanate ABC transporter, substrate-binding protein",Q.1,"Amino acids, peptides and amines",sys_PMM0370,High,strong + role-complete + resolved,PMM0370:cynA|PMM0371:cynB|PMM0372:cynD,False,strong,pfam|ko|cyanorak|tcdb,tcdb:3.A.1.16.1 | tcdb:3.A.1.16.2 | tcdb:3.A.1.17.3 | tcdb:3.A.1.17.6
med4,PMM0430,hisF,"imidazole glycerol phosphate synthase, cyclase subunit",Q.1,"Amino acids, peptides and amines",sys_PMM0430,not_transporter,no member is strong or tcdb_only,PMM0430:hisF,False,none,cyanorak,
med4,PMM0970,urtA,"ABC-type urea transporter, substrate binding component",Q.1,"Amino acids, peptides and amines",sys_PMM0970,High,strong + role-complete + resolved,PMM0970:urtA|PMM0971:urtB|PMM0972:urtC|PMM0973:urtD|PMM0974:urtE,False,strong,pfam|ko|cyanorak|tcdb,tcdb:3.A.1.4.4 | tcdb:3.A.1.4.5
med4,PMM0971,urtB,"ABC-type urea transporter, permease component",Q.1,"Amino acids, peptides and amines",sys_PMM0970,High,strong + role-complete + resolved,PMM0970:urtA|PMM0971:urtB|PMM0972:urtC|PMM0973:urtD|PMM0974:urtE,False,strong,pfam|ko|cyanorak|tcdb,tcdb:3.A.1.4.4 | tcdb:3.A.1.4.5
med4,PMM0972,urtC,"ABC-type urea transporter, membrane component",Q.1,"Amino acids, peptides and amines",sys_PMM0970,High,strong + role-complete + resolved,PMM0970:urtA|PMM0971:urtB|PMM0972:urtC|PMM0973:urtD|PMM0974:urtE,False,strong,pfam|ko|cyanorak|tcdb,tcdb:3.A.1.4.4 | tcdb:3.A.1.4.5
med4,PMM0973,urtD,"ABC-type urea transporter, ATP-binding component UrtD",Q.1,"Amino acids, peptides and amines",sys_PMM0970,High,strong + role-complete + resolved,PMM0970:urtA|PMM0971:urtB|PMM0972:urtC|PMM0973:urtD|PMM0974:urtE,False,strong,pfam|ko|cyanorak|tcdb,tcdb:3.A.1.4.4 | tcdb:3.A.1.4.5
med4,PMM0974,urtE,"ABC-type urea transporter, ATPase component UrtE",Q.1,"Amino acids, peptides and amines",sys_PMM0970,High,strong + role-complete + resolved,PMM0970:urtA|PMM0971:urtB|PMM0972:urtC|PMM0973:urtD|PMM0974:urtE,False,strong,pfam|ko|cyanorak|tcdb,tcdb:1.B.42 | tcdb:3.A.1.4.4 | tcdb:3.A.1.4.5
med4,PMM1048,dppB,"oligopeptide ABC transporter, membrane component",Q.1,"Amino acids, peptides and amines",sys_PMM0192,High,strong + role-complete + resolved,PMM0192:ddpD|PMM0421:dppC|PMM1048:dppB|PMM1049:dppA,False,strong,pfam|ko|cyanorak|tcdb,tcdb:3.A.1.5
med4,PMM1049,dppA,peptide/nickel transport system substrate-binding protein,Q.1,"Amino acids, peptides and amines",sys_PMM0192,High,strong + role-complete + resolved,PMM0192:ddpD|PMM0421:dppC|PMM1048:dppB|PMM1049:dppA,False,strong,pfam|ko|cyanorak|tcdb,tcdb:3.A.1.5
med4,PMM0214,sul3,sulfate transporter family protein,Q.2,Anions,sys_PMM0214,High,strong + role-complete + resolved,PMM0214:sul3,False,strong,pfam|ko|cyanorak|tcdb,tcdb:2.A.53.3
med4,PMM0644,sul1,sulfate permease,Q.2,Anions,sys_PMM0644,High,strong + role-complete + resolved,PMM0644:sul1,False,strong,pfam|ko|cyanorak|tcdb,tcdb:2.A.53.3
med4,PMM0671,phnE,"phosphate/phosphonate ABC type transporter, permease component",Q.2,Anions,sys_PMM0671,High,strong + role-complete + resolved,PMM0671:phnE|PMM0672:phnC|PMM0673:phnD,False,strong,pfam|ko|cyanorak|tcdb,tcdb:3.A.1.9
med4,PMM0672,phnC,"phosphonate ABC type transporter, ATPase component",Q.2,Anions,sys_PMM0671,High,strong + role-complete + resolved,PMM0671:phnE|PMM0672:phnC|PMM0673:phnD,False,strong,pfam|ko|cyanorak|tcdb,tcdb:3.A.1.9
med4,PMM0673,phnD,"phosphonate ABC type transporter, substrate binding component",Q.2,Anions,sys_PMM0671,High,strong + role-complete + resolved,PMM0671:phnE|PMM0672:phnC|PMM0673:phnD,False,strong,pfam|ko|cyanorak|tcdb,tcdb:3.A.1.9
med4,PMM0710,pstS,"phosphate ABC transporter, phosphate-binding protein PstS",Q.2,Anions,sys_PMM0710,High,strong + role-complete + resolved,PMM0710:pstS|PMM0723:pstC|PMM0724:pstA|PMM0725:pstB,False,strong,pfam|ko|cyanorak|tcdb,tcdb:3.A.1.7
med4,PMM0723,pstC,ABC-type phosphate transport system permease component,Q.2,Anions,sys_PMM0710,High,strong + role-complete + resolved,PMM0710:pstS|PMM0723:pstC|PMM0724:pstA|PMM0725:pstB,False,strong,pfam|ko|cyanorak|tcdb,tcdb:3.A.1.7
med4,PMM0724,pstA,ABC-type phosphate transport system permease component,Q.2,Anions,sys_PMM0710,High,strong + role-complete + resolved,PMM0710:pstS|PMM0723:pstC|PMM0724:pstA|PMM0725:pstB,False,strong,pfam|ko|cyanorak|tcdb,tcdb:3.A.1.7
med4,PMM0725,pstB,ABC-type phosphate transport system ATPase component,Q.2,Anions,sys_PMM0710,High,strong + role-complete + resolved,PMM0710:pstS|PMM0723:pstC|PMM0724:pstA|PMM0725:pstB,False,strong,pfam|ko|cyanorak|tcdb,tcdb:3.A.1.7
med4,PMM1323,glcH,glucose transporter,Q.3,"Carbohydrates, organic alcohols, and acids",sys_PMM1323,High,strong + role-complete + resolved,PMM1323:glcH,False,strong,pfam|cyanorak|tcdb,tcdb:2.A.2
med4,PMM0083,citT,"putative sodium/potassium/sulfate transporter, DASS family",Q.4,Cations and iron carrying compounds,sys_PMM0083,High,strong + role-complete + resolved,PMM0083:citT,False,strong,pfam|cyanorak|tcdb,tcdb:2.A.47
med4,PMM0084,ktrB,"Ktr-type potassium uptake transporter, potassium-translocating subunit B",Q.4,Cations and iron carrying compounds,sys_PMM0084,High,strong + role-complete + resolved,PMM0084:ktrB|PMM0085:ktrA,False,strong,pfam|ko|cyanorak|tcdb,tcdb:2.A.38.1 | tcdb:2.A.38.4
med4,PMM0085,ktrA,"Ktr-type potassium uptake system, NAD-binding component",Q.4,Cations and iron carrying compounds,sys_PMM0084,High,strong + role-complete + resolved,PMM0084:ktrB|PMM0085:ktrA,False,strong,ko|cyanorak|tcdb,tcdb:1.A.1 | tcdb:2.A.37 | tcdb:2.A.38.1 | tcdb:2.A.38.4 | tcdb:3.A.3
med4,PMM0131,zntA,copper-translocating P-type ATPase,Q.4,Cations and iron carrying compounds,sys_PMM0131,Medium,"strong, role-incomplete",PMM0131:zntA,False,strong,cyanorak|tcdb,tcdb:3.A.3.5
med4,PMM0192,ddpD,"peptide/nickel ABC transport system, ATP-binding component",Q.4,Cations and iron carrying compounds,sys_PMM0192,High,strong + role-complete + resolved,PMM0192:ddpD|PMM0421:dppC|PMM1048:dppB|PMM1049:dppA,False,strong,pfam|ko|cyanorak|tcdb,tcdb:3.A.1.5
med4,PMM0263,amt1,ammonium transporter,Q.4,Cations and iron carrying compounds,sys_PMM0263,High,strong + role-complete + resolved,PMM0263:amt1,False,strong,pfam|ko|cyanorak|tcdb,tcdb:1.A.11
med4,PMM0472,nhaS,"Na+/H+ antiporter, CPA1 family",Q.4,Cations and iron carrying compounds,sys_PMM0472,High,strong + role-complete + resolved,PMM0472:nhaS,False,strong,pfam|cyanorak|tcdb,tcdb:2.A.36
med4,PMM0489,futB,"ABC-type Fe3+ transport system, membrane component",Q.4,Cations and iron carrying compounds,sys_PMM0489,High,strong + role-complete + resolved,PMM0489:futB|PMM0803:futC|PMM1164:idiA2,False,strong,pfam|ko|cyanorak|tcdb,tcdb:3.A.1.10
med4,PMM0525,hemH,ferrochelatase,Q.4,Cations and iron carrying compounds,sys_PMM0525,not_transporter,no member is strong or tcdb_only,PMM0525:hemH,False,none,cyanorak,
med4,PMM0568,yrbG,cation:H+ antiporter,Q.4,Cations and iron carrying compounds,sys_PMM0568,High,strong + role-complete + resolved,PMM0568:yrbG,False,strong,pfam|ko|cyanorak|tcdb,tcdb:2.A.19.5
med4,PMM0601,mntC,"ABC-type Mn2+ transporter, substrate binding protein",Q.4,Cations and iron carrying compounds,sys_PMM0601,High,strong + role-complete + resolved,PMM0601:mntC|PMM0602:mntA|PMM0603:mntB,False,strong,pfam|ko|cyanorak|tcdb,tcdb:3.A.1.15.1
med4,PMM0602,mntA,"ABC-type Mn2+ transport system, ATPase component",Q.4,Cations and iron carrying compounds,sys_PMM0601,High,strong + role-complete + resolved,PMM0601:mntC|PMM0602:mntA|PMM0603:mntB,False,strong,pfam|ko|cyanorak|tcdb,tcdb:3.A.1.15.1
med4,PMM0603,mntB,"ABC-type Mn2+ transporter, membrane component",Q.4,Cations and iron carrying compounds,sys_PMM0601,High,strong + role-complete + resolved,PMM0601:mntC|PMM0602:mntA|PMM0603:mntB,False,strong,pfam|ko|cyanorak|tcdb,tcdb:3.A.1.15.1
med4,PMM0704,,"potassium ion channel, VIC family",Q.4,Cations and iron carrying compounds,sys_PMM0704,High,strong + role-complete + resolved,PMM0704:,False,strong,pfam|ko|cyanorak|tcdb,tcdb:1.A.1.1 | tcdb:1.A.1.13 | tcdb:1.A.1.17 | tcdb:1.A.1.24 | tcdb:1.A.1.25 | tcdb:1.A.1.6 | tcdb:2.A.37 | tcdb:2.A.38
med4,PMM0803,futC,iron(III) transport system ATP-binding protein,Q.4,Cations and iron carrying compounds,sys_PMM0489,High,strong + role-complete + resolved,PMM0489:futB|PMM0803:futC|PMM1164:idiA2,False,strong,pfam|ko|cyanorak|tcdb,tcdb:3.A.1.10
med4,PMM0804,ftn,ferritin,Q.4,Cations and iron carrying compounds,sys_PMM0804,Medium,"strong, role-incomplete [score-0-only overridden by curated Cyanorak transport role]",PMM0804:ftn,True,strong,cyanorak|tcdb,tcdb:1.A.155
med4,PMM1029,,"ABC-type Mn2+/Zn2+ transport system, permease component",Q.4,Cations and iron carrying compounds,sys_PMM1029,High,strong + role-complete + resolved,PMM1029:|PMM1031:|PMM1032:lraI,False,strong,pfam|ko|cyanorak|tcdb,tcdb:3.A.1.15
med4,PMM1031,,"ABC-type Mn2+/Zn2+ transport system, ATP-binding component",Q.4,Cations and iron carrying compounds,sys_PMM1029,High,strong + role-complete + resolved,PMM1029:|PMM1031:|PMM1032:lraI,False,strong,pfam|ko|cyanorak|tcdb,tcdb:3.A.1.15
med4,PMM1032,lraI,"ABC-type Mn2+/Zn2+ transport system, periplasmic component",Q.4,Cations and iron carrying compounds,sys_PMM1029,High,strong + role-complete + resolved,PMM1029:|PMM1031:|PMM1032:lraI,False,strong,pfam|ko|cyanorak|tcdb,tcdb:3.A.1.15
med4,PMM1164,idiA2,iron deficiency-induced protein A,Q.4,Cations and iron carrying compounds,sys_PMM0489,High,strong + role-complete + resolved,PMM0489:futB|PMM0803:futC|PMM1164:idiA2,False,strong,pfam|ko|cyanorak|tcdb,tcdb:3.A.1.10
med4,PMM1600,nhaS,"Na+/H+ antiporter, CPA2 family",Q.4,Cations and iron carrying compounds,sys_PMM1600,High,strong + role-complete + resolved,PMM1600:nhaS,False,strong,pfam|cyanorak|tcdb,tcdb:2.A.37
med4,PMM1630,mgtE,magnesium transporter,Q.4,Cations and iron carrying compounds,sys_PMM1630,High,strong + role-complete + resolved,PMM1630:mgtE,False,strong,pfam|ko|cyanorak|tcdb,tcdb:1.A.26.1 | tcdb:3.A.1
med4,PMM1670,metC,cystathionine beta-lyase family aluminum resistance protein,Q.4,Cations and iron carrying compounds,sys_PMM1670,not_transporter,no member is strong or tcdb_only,PMM1670:metC,False,none,cyanorak,
med4,PMM0142,,RNA-binding protein,Q.5,"Nucleosides, purines and pyrimidines",sys_PMM0142,not_transporter,no member is strong or tcdb_only,PMM0142:,False,none,cyanorak,
med4,PMM0709,som,outer membrane porin,Q.6,Porins,sys_PMM0709,High,strong + role-complete + resolved,PMM0709:som,False,strong,pfam|ko|cyanorak|tcdb,tcdb:1.B.14.1.14 | tcdb:1.B.23 | tcdb:3.A.23.1
med4,PMM1119,som,outer membrane porin,Q.6,Porins,sys_PMM1119,Medium,"strong, complete, no TCDB resolution",PMM1119:som,False,strong,pfam|cyanorak,
med4,PMM1121,som,outer membrane porin,Q.6,Porins,sys_PMM1121,not_transporter,no member is strong or tcdb_only,PMM1121:som,False,none,cyanorak,
med4,PMM1338,bamA,outer membrane protein insertion porin family,Q.6,Porins,sys_PMM1338,Medium,"strong, role-incomplete",PMM1338:bamA,False,strong,ko|cyanorak|tcdb,tcdb:1.B.33
med4,PMM0065,mcyH,"ABC transporter, ATPase component",Q.7,Sugars,sys_PMM0065,High,strong + role-complete + resolved,PMM0065:mcyH,False,strong,pfam|ko|cyanorak|tcdb,tcdb:3.A.1.106 | tcdb:3.A.1.110 | tcdb:3.A.1.112 | tcdb:3.A.1.113 | tcdb:3.A.1.117 | tcdb:3.A.1.203.11 | tcdb:3.A.1.203.4 | tcdb:3.A.1.21
med4,PMM0421,dppC,"ABC-type oligopeptide transporter, membrane component",Q.7,Sugars,sys_PMM0192,High,strong + role-complete + resolved,PMM0192:ddpD|PMM0421:dppC|PMM1048:dppB|PMM1049:dppA,False,strong,pfam|ko|cyanorak|tcdb,tcdb:3.A.1.5
med4,PMM0449,ccmA,"ABC-type multidrug transport system, ATPase component",Q.7,Sugars,sys_PMM0449,Medium,"strong, role-incomplete [superfamily-only overridden by curated Cyanorak transport role]",PMM0449:ccmA|PMM0450:ycf38,False,strong,pfam|ko|cyanorak|tcdb,tcdb:3.A.1
med4,PMM0635,mscS,"small-conductance mechanosensitive ion channel, MscS family",Q.7,Sugars,sys_PMM0635,High,strong + role-complete + resolved,PMM0635:mscS,False,strong,pfam|ko|cyanorak|tcdb,tcdb:1.A.23.4
med4,PMM0748,devB,"ABC exporter membrane fusion, DevB family",Q.7,Sugars,sys_PMM0748,Medium,"strong, role-incomplete (mixed member resolutions)",PMM0748:devB|PMM0749:devC|PMM0750:devA,False,strong,cyanorak|tcdb,tcdb:3.A.1
med4,PMM0749,devC,ABC exporter transmembrane subunit,Q.7,Sugars,sys_PMM0748,Medium,"strong, role-incomplete (mixed member resolutions)",PMM0748:devB|PMM0749:devC|PMM0750:devA,False,strong,pfam|ko|cyanorak|tcdb,tcdb:3.A.1.114
med4,PMM0750,devA,"DEVA-like ABC transporter, ATP-binding subunit",Q.7,Sugars,sys_PMM0748,Medium,"strong, role-incomplete (mixed member resolutions)",PMM0748:devB|PMM0749:devC|PMM0750:devA,False,strong,pfam|ko|cyanorak|tcdb,tcdb:3.A.1
med4,PMM0827,mdlB,putative ABC multidrug efflux transporter,Q.7,Sugars,sys_PMM0827,High,strong + role-complete + resolved,PMM0827:mdlB,False,strong,pfam|ko|cyanorak|tcdb,tcdb:3.A.1.106 | tcdb:3.A.1.109 | tcdb:3.A.1.21
med4,PMM0940,,permease of the drug/metabolite transporter (DMT) superfamily,Q.7,Sugars,sys_PMM0940,Medium,"strong, complete, no TCDB resolution [superfamily-only overridden by curated Cyanorak transport role]",PMM0940:,False,strong,pfam|cyanorak|tcdb,tcdb:2.A.7
med4,PMM1099,,ABC transporter,Q.7,Sugars,sys_PMM1099,High,strong + role-complete + resolved,PMM1099:,False,strong,pfam|ko|cyanorak|tcdb,tcdb:3.A.1.106 | tcdb:3.A.1.109 | tcdb:3.A.1.21
med4,PMM1211,kpsD,polysaccharide biosynthesis/export family protein,Q.7,Sugars,sys_PMM1211,Medium,"strong, role-incomplete",PMM1211:kpsD,False,strong,ko|cyanorak|tcdb,tcdb:1.B.18
med4,PMM1224,kpsD3,polysaccharide biosynthesis/export protein,Q.7,Sugars,sys_PMM1224,Medium,"strong, role-incomplete",PMM1224:kpsD3,False,strong,ko|cyanorak|tcdb,tcdb:1.B.18
med4,PMM0125,ecfA1,energy-coupling factor transport system ATP-binding protein,Q.8,Other,sys_PMM0125,Medium,"strong, role-incomplete",PMM0125:ecfA1,False,strong,pfam|ko|cyanorak|tcdb,tcdb:3.A.1.25 | tcdb:3.A.1.28 | tcdb:3.A.1.29 | tcdb:3.A.1.30 | tcdb:3.A.1.31 | tcdb:3.A.1.32 | tcdb:3.A.1.33
med4,PMM0274,,CNNM domain-containing protein,Q.8,Other,sys_PMM0274,Medium,"strong, role-incomplete",PMM0274:,False,strong,ko|cyanorak|tcdb,tcdb:1.A.112 | tcdb:1.C.126 | tcdb:2.A.109
med4,PMM0764,lptB,"lipopolysaccharide export system, ATP-binding component LptB",Q.8,Other,sys_PMM0764,Medium,"strong, role-incomplete",PMM0764:lptB|PMM1386:lptG,False,strong,pfam|ko|cyanorak|tcdb,tcdb:1.B.42.1 | tcdb:3.A.1
med4,PMM0914,bioY,"biotin ECF transporter, substrate component",Q.8,Other,sys_PMM0914,Medium,"strong, role-incomplete",PMM0914:bioY,False,strong,ko|cyanorak|tcdb,tcdb:2.A.88.1 | tcdb:2.A.88.2
med4,PMM1386,lptG,"lipopolysaccharide export system, permease component",Q.8,Other,sys_PMM0764,Medium,"strong, role-incomplete",PMM0764:lptB|PMM1386:lptG,False,strong,pfam|ko|cyanorak|tcdb,tcdb:1.B.42.1 | tcdb:3.A.1
med4,PMM1632,crcB1,fluoride exporter,Q.8,Other,sys_PMM1631,Medium,"strong, role-incomplete",PMM1631:|PMM1632:crcB1,False,strong,ko|cyanorak|tcdb,tcdb:1.A.43.1 | tcdb:1.A.43.2 | tcdb:1.A.43.3
med4,PMM0078,,putative 4^-phosphopantetheinyl transferase family domain protein,Q.9,Unknown substrate,sys_PMM0078,not_transporter,no member is strong or tcdb_only,PMM0078:,False,none,cyanorak,
med4,PMM0089,,"ABC transport system ATP-binding/permease protein, Uup family",Q.9,Unknown substrate,sys_PMM0089,Medium,"strong, role-incomplete",PMM0089:,False,strong,pfam|cyanorak|tcdb,tcdb:3.A.1 | tcdb:9.B.325
med4,PMM0097,tolC,"TolC-like outer membrane efflux protein, RND family",Q.9,Unknown substrate,sys_PMM0097,Medium,"strong, role-incomplete",PMM0097:tolC,False,strong,cyanorak|tcdb,tcdb:1.B.17 | tcdb:3.A.1
med4,PMM0213,sbtA,possible sodium-dependent bicarbonate transporter,Q.9,Unknown substrate,sys_PMM0213,High,strong + role-complete + resolved,PMM0213:sbtA,False,strong,pfam|cyanorak|tcdb,tcdb:2.A.83
med4,PMM0392,cbiQ,transmembrane component of ECF transporter energizing module,Q.9,Unknown substrate,sys_PMM0392,Medium,"strong, role-incomplete",PMM0392:cbiQ,False,strong,ko|cyanorak|tcdb,tcdb:3.A.1.25 | tcdb:3.A.1.28 | tcdb:3.A.1.29 | tcdb:3.A.1.30 | tcdb:3.A.1.31 | tcdb:3.A.1.32 | tcdb:3.A.1.33
med4,PMM0589,,translocation and assembly module TamB-like protein,Q.9,Unknown substrate,sys_PMM0589,not_transporter,no member is strong or tcdb_only,PMM0589:,False,none,ko|cyanorak,
med4,PMM0712,arsJ,"multidrug efflux transporter, MFS family",Q.9,Unknown substrate,sys_PMM0712,High,strong + role-complete + resolved,PMM0712:arsJ,False,strong,pfam|cyanorak|tcdb,tcdb:2.A.1.83
med4,PMM0927,perM,"putative autoinducer 2 exporter, YhhT family",Q.9,Unknown substrate,sys_PMM0927,High,strong + role-complete + resolved,PMM0927:perM,False,strong,pfam|cyanorak|tcdb,tcdb:2.A.86
med4,PMM1046,,"multidrug efflux transporter, MFS family",Q.9,Unknown substrate,sys_PMM1046,Medium,"strong, complete, no TCDB resolution",PMM1046:,False,strong,pfam|cyanorak,
med4,PMM1139,acrA,"RND efflux pump, MFP subunit, HlyD family",Q.9,Unknown substrate,sys_PMM1139,Medium,"strong, role-incomplete",PMM1139:acrA,False,strong,cyanorak|tcdb,tcdb:2.A.6 | tcdb:3.A.1 | tcdb:8.A.1
med4,PMM1175,,AEC transporter family,Q.9,Unknown substrate,sys_PMM1175,High,strong + role-complete + resolved,PMM1175:,False,strong,pfam|cyanorak|tcdb,tcdb:2.A.69
med4,PMM1179,,eamA-like transporter family protein,Q.9,Unknown substrate,sys_PMM1179,Medium,"strong, complete, no TCDB resolution [superfamily-only overridden by curated Cyanorak transport role]",PMM1179:,False,strong,pfam|cyanorak|tcdb,tcdb:2.A.7
med4,PMM1239,hetA,"ABC transporter type 1, ATPase component",Q.9,Unknown substrate,sys_PMM1239,High,strong + role-complete + resolved,PMM1239:hetA,False,strong,pfam|ko|cyanorak|tcdb,tcdb:3.A.1.106 | tcdb:3.A.1.109 | tcdb:3.A.1.21
med4,PMM1695,,"multidrug efflux transporter, MFS family",Q.9,Unknown substrate,sys_PMM1695,High,strong + role-complete + resolved,PMM1695:,False,strong,pfam|ko|cyanorak|tcdb,tcdb:2.A.1.2.38 | tcdb:2.A.1.2.39 | tcdb:2.A.1.2.4 | tcdb:2.A.1.2.41 | tcdb:2.A.1.2.68 | tcdb:2.A.1.2.75
mit9313,PMT0274,hisF,"imidazole glycerol phosphate synthase, cyclase subunit",Q.1,"Amino acids, peptides and amines",sys_PMT0274,not_transporter,no member is strong or tcdb_only,PMT0274:hisF,False,none,cyanorak,
mit9313,PMT0553,proV,"ABC-type proline/glycine betaine transport system, ATPase component",Q.1,"Amino acids, peptides and amines",sys_PMT0553,High,strong + role-complete + resolved,PMT0553:proV|PMT0554:proW|PMT0555:proX,False,strong,pfam|ko|cyanorak|tcdb,tcdb:3.A.1.12
mit9313,PMT0554,proW,"ABC-type glycine betaine/proline transporter, membrane component",Q.1,"Amino acids, peptides and amines",sys_PMT0553,High,strong + role-complete + resolved,PMT0553:proV|PMT0554:proW|PMT0555:proX,False,strong,pfam|ko|cyanorak|tcdb,tcdb:3.A.1.12
mit9313,PMT0555,proX,"ABC-type glycine betaine/proline transporter, substrate binding component",Q.1,"Amino acids, peptides and amines",sys_PMT0553,High,strong + role-complete + resolved,PMT0553:proV|PMT0554:proW|PMT0555:proX,False,strong,pfam|ko|cyanorak|tcdb,tcdb:3.A.1.12
mit9313,PMT0893,,"BgtA-like ABC-type uptake transporter for acidic and neutral polar amino acids (N-II), ATPase subunit",Q.1,"Amino acids, peptides and amines",sys_PMT0893,High,strong + role-complete + resolved,PMT0893:|PMT0894:natH|PMT0896:natG|PMT0897:natF|PMT1517:grrP,False,strong,pfam|ko|cyanorak|tcdb,tcdb:3.A.1.3.17 | tcdb:3.A.1.3.18 | tcdb:3.A.1.3.7 | tcdb:3.A.1.3.8
mit9313,PMT0894,natH,"ABC-type uptake transporter for acidic and neutral polar amino acids (N-II), membrane protein",Q.1,"Amino acids, peptides and amines",sys_PMT0893,High,strong + role-complete + resolved,PMT0893:|PMT0894:natH|PMT0896:natG|PMT0897:natF|PMT1517:grrP,False,strong,pfam|ko|cyanorak|tcdb,tcdb:3.A.1.3.18 | tcdb:3.A.1.3.7 | tcdb:3.A.1.3.8
mit9313,PMT0896,natG,"ABC-type uptake transporter for acidic and neutral polar amino acids (N-II), membrane protein",Q.1,"Amino acids, peptides and amines",sys_PMT0893,High,strong + role-complete + resolved,PMT0893:|PMT0894:natH|PMT0896:natG|PMT0897:natF|PMT1517:grrP,False,strong,pfam|ko|cyanorak|tcdb,tcdb:3.A.1.3.18 | tcdb:3.A.1.3.7 | tcdb:3.A.1.3.8
mit9313,PMT0897,natF,"ABC-type uptake transporter for acidic and neutral polar amino acids (N-II), substrate binding protein",Q.1,"Amino acids, peptides and amines",sys_PMT0893,High,strong + role-complete + resolved,PMT0893:|PMT0894:natH|PMT0896:natG|PMT0897:natF|PMT1517:grrP,False,strong,pfam|ko|cyanorak|tcdb,tcdb:3.A.1.3.18 | tcdb:3.A.1.3.7 | tcdb:3.A.1.3.8 | tcdb:9.B.321
mit9313,PMT0978,,ABC multidrug efflux transporter,Q.1,"Amino acids, peptides and amines",sys_PMT0977,High,strong + role-complete + resolved,PMT0977:|PMT0978:,False,strong,pfam|ko|cyanorak|tcdb,tcdb:3.A.1.106 | tcdb:3.A.1.109 | tcdb:3.A.1.21
mit9313,PMT1145,dppA,peptide/nickel transport system substrate-binding protein,Q.1,"Amino acids, peptides and amines",sys_PMT0266,High,strong + role-complete + resolved,PMT0266:dppC|PMT1145:dppA|PMT1146:dppB|PMT2110:ddpD,False,strong,pfam|ko|cyanorak|tcdb,tcdb:3.A.1.5
mit9313,PMT1146,dppB,"oligopeptide ABC transporter, membrane component",Q.1,"Amino acids, peptides and amines",sys_PMT0266,High,strong + role-complete + resolved,PMT0266:dppC|PMT1145:dppA|PMT1146:dppB|PMT2110:ddpD,False,strong,pfam|ko|cyanorak|tcdb,tcdb:3.A.1.5
mit9313,PMT2110,ddpD,"peptide/nickel ABC transport system, ATP-binding component",Q.1,"Amino acids, peptides and amines",sys_PMT0266,High,strong + role-complete + resolved,PMT0266:dppC|PMT1145:dppA|PMT1146:dppB|PMT2110:ddpD,False,strong,pfam|ko|cyanorak|tcdb,tcdb:3.A.1.5
mit9313,PMT2225,urtE,"ABC-type urea transporter, ATPase component UrtE",Q.1,"Amino acids, peptides and amines",sys_PMT2225,High,strong + role-complete + resolved,PMT2225:urtE|PMT2226:urtD|PMT2227:urtC|PMT2228:urtB|PMT2229:urtA,False,strong,pfam|ko|cyanorak|tcdb,tcdb:1.B.42 | tcdb:3.A.1.4.4 | tcdb:3.A.1.4.5
mit9313,PMT2226,urtD,"ABC-type urea transporter, ATP-binding component UrtD",Q.1,"Amino acids, peptides and amines",sys_PMT2225,High,strong + role-complete + resolved,PMT2225:urtE|PMT2226:urtD|PMT2227:urtC|PMT2228:urtB|PMT2229:urtA,False,strong,pfam|ko|cyanorak|tcdb,tcdb:3.A.1.4.4 | tcdb:3.A.1.4.5
mit9313,PMT2227,urtC,"ABC-type urea transporter, membrane component",Q.1,"Amino acids, peptides and amines",sys_PMT2225,High,strong + role-complete + resolved,PMT2225:urtE|PMT2226:urtD|PMT2227:urtC|PMT2228:urtB|PMT2229:urtA,False,strong,pfam|ko|cyanorak|tcdb,tcdb:3.A.1.4.4 | tcdb:3.A.1.4.5
mit9313,PMT2228,urtB,"ABC-type urea transporter, permease component",Q.1,"Amino acids, peptides and amines",sys_PMT2225,High,strong + role-complete + resolved,PMT2225:urtE|PMT2226:urtD|PMT2227:urtC|PMT2228:urtB|PMT2229:urtA,False,strong,pfam|ko|cyanorak|tcdb,tcdb:3.A.1.4.4 | tcdb:3.A.1.4.5
mit9313,PMT2229,urtA,"ABC-type urea transporter, substrate binding component",Q.1,"Amino acids, peptides and amines",sys_PMT2225,High,strong + role-complete + resolved,PMT2225:urtE|PMT2226:urtD|PMT2227:urtC|PMT2228:urtB|PMT2229:urtA,False,strong,pfam|ko|cyanorak|tcdb,tcdb:3.A.1.4.4 | tcdb:3.A.1.4.5
mit9313,PMT0508,pstS,"phosphate ABC transporter, phosphate-binding protein PstS",Q.2,Anions,sys_PMT0508,High,strong + role-complete + resolved,PMT0508:pstS|PMT0700:pstB|PMT0701:pstA|PMT0702:pstC|PMT0993:pstS,False,strong,pfam|ko|cyanorak|tcdb,tcdb:3.A.1.7
mit9313,PMT0700,pstB,ABC-type phosphate transport system ATPase component,Q.2,Anions,sys_PMT0508,High,strong + role-complete + resolved,PMT0508:pstS|PMT0700:pstB|PMT0701:pstA|PMT0702:pstC|PMT0993:pstS,False,strong,pfam|ko|cyanorak|tcdb,tcdb:3.A.1.7
mit9313,PMT0701,pstA,ABC-type phosphate transport system permease component,Q.2,Anions,sys_PMT0508,High,strong + role-complete + resolved,PMT0508:pstS|PMT0700:pstB|PMT0701:pstA|PMT0702:pstC|PMT0993:pstS,False,strong,pfam|ko|cyanorak|tcdb,tcdb:3.A.1.7
mit9313,PMT0702,pstC,ABC-type phosphate transport system permease component,Q.2,Anions,sys_PMT0508,High,strong + role-complete + resolved,PMT0508:pstS|PMT0700:pstB|PMT0701:pstA|PMT0702:pstC|PMT0993:pstS,False,strong,pfam|ko|cyanorak|tcdb,tcdb:3.A.1.7
mit9313,PMT0780,phnD,"phosphonate ABC type transporter, substrate binding component",Q.2,Anions,sys_PMT0780,High,strong + role-complete + resolved,PMT0780:phnD|PMT0781:phnC|PMT0782:phnE,False,strong,pfam|ko|cyanorak|tcdb,tcdb:3.A.1.9
mit9313,PMT0781,phnC,"phosphonate ABC type transporter, ATPase component",Q.2,Anions,sys_PMT0780,High,strong + role-complete + resolved,PMT0780:phnD|PMT0781:phnC|PMT0782:phnE,False,strong,pfam|ko|cyanorak|tcdb,tcdb:3.A.1.9
mit9313,PMT0782,phnE,"phosphate/phosphonate ABC type transporter, permease component",Q.2,Anions,sys_PMT0780,High,strong + role-complete + resolved,PMT0780:phnD|PMT0781:phnC|PMT0782:phnE,False,strong,pfam|ko|cyanorak|tcdb,tcdb:3.A.1.9
mit9313,PMT0899,sul1,sulfate permease,Q.2,Anions,sys_PMT0899,High,strong + role-complete + resolved,PMT0899:sul1,False,strong,pfam|ko|cyanorak|tcdb,tcdb:2.A.53.3
mit9313,PMT0993,pstS,"phosphate ABC transporter, phosphate-binding protein PstS",Q.2,Anions,sys_PMT0508,High,strong + role-complete + resolved,PMT0508:pstS|PMT0700:pstB|PMT0701:pstA|PMT0702:pstC|PMT0993:pstS,False,strong,pfam|ko|cyanorak|tcdb,tcdb:3.A.1.7
mit9313,PMT1214,sul3,sulfate transporter family protein,Q.2,Anions,sys_PMT1214,High,strong + role-complete + resolved,PMT1214:sul3,False,strong,pfam|ko|cyanorak|tcdb,tcdb:2.A.53.3
mit9313,PMT2240,focA,"nitrite transporter, FNT family",Q.2,Anions,sys_PMT2240,Medium,"strong, role-incomplete [score-0-only overridden by curated Cyanorak transport role]",PMT2240:focA,False,strong,cyanorak|tcdb,tcdb:1.A.16
mit9313,PMT2250,eriC,voltage-gated CLC-type chloride channel protein,Q.2,Anions,sys_PMT2250,High,strong + role-complete + resolved,PMT2250:eriC,False,strong,pfam|ko|cyanorak|tcdb,tcdb:2.A.49
mit9313,PMT0909,,sodium:dicarboxylate symporter,Q.3,"Carbohydrates, organic alcohols, and acids",sys_PMT0909,High,strong + role-complete + resolved,PMT0909:,False,strong,pfam|cyanorak|tcdb,tcdb:2.A.23
mit9313,PMT1044,proP,proline/betaine transporter,Q.3,"Carbohydrates, organic alcohols, and acids",sys_PMT1044,High,strong + role-complete + resolved,PMT1044:proP,False,strong,pfam|ko|cyanorak|tcdb,tcdb:2.A.1.6.4 | tcdb:3.A.7
mit9313,PMT1398,glcH,glucose transporter,Q.3,"Carbohydrates, organic alcohols, and acids",sys_PMT1398,High,strong + role-complete + resolved,PMT1398:glcH,False,strong,pfam|cyanorak|tcdb,tcdb:2.A.2
mit9313,PMT1502,putP,"sodium:solute symporter family, possibly glucose transporter",Q.3,"Carbohydrates, organic alcohols, and acids",sys_PMT1502,High,strong + role-complete + resolved,PMT1502:putP,False,strong,pfam|cyanorak|tcdb,tcdb:2.A.1 | tcdb:2.A.21
mit9313,PMT1821,ictB,"bicarbonate transporter, ICT family",Q.3,"Carbohydrates, organic alcohols, and acids",sys_PMT1821,not_transporter,no member is strong or tcdb_only,PMT1821:ictB,False,none,ko|cyanorak,tcdb:9.B.67.1
mit9313,PMT0126,mgtE,magnesium transporter,Q.4,Cations and iron carrying compounds,sys_PMT0126,High,strong + role-complete + resolved,PMT0126:mgtE,False,strong,pfam|ko|cyanorak|tcdb,tcdb:1.A.26.1 | tcdb:3.A.1
mit9313,PMT0286,piuC,iron-uptake factor PiuC,Q.4,Cations and iron carrying compounds,sys_PMT0286,not_transporter,no member is strong or tcdb_only,PMT0286:piuC,False,none,cyanorak,
mit9313,PMT0287,idiA2,iron deficiency-induced protein A,Q.4,Cations and iron carrying compounds,sys_PMT0287,High,strong + role-complete + resolved,PMT0287:idiA2|PMT0501:futC|PMT1287:futB,False,strong,pfam|ko|cyanorak|tcdb,tcdb:3.A.1.10
mit9313,PMT0416,mntB,"ABC-type Mn2+ transporter, membrane component",Q.4,Cations and iron carrying compounds,sys_PMT0416,High,strong + role-complete + resolved,PMT0416:mntB|PMT0417:mntA|PMT0418:mntC,False,strong,pfam|ko|cyanorak|tcdb,tcdb:3.A.1.15.1
mit9313,PMT0417,mntA,"ABC-type Mn2+ transport system, ATPase component",Q.4,Cations and iron carrying compounds,sys_PMT0416,High,strong + role-complete + resolved,PMT0416:mntB|PMT0417:mntA|PMT0418:mntC,False,strong,pfam|ko|cyanorak|tcdb,tcdb:3.A.1.15.1
mit9313,PMT0418,mntC,"ABC-type Mn2+ transporter, substrate binding protein",Q.4,Cations and iron carrying compounds,sys_PMT0416,High,strong + role-complete + resolved,PMT0416:mntB|PMT0417:mntA|PMT0418:mntC,False,strong,pfam|ko|cyanorak|tcdb,tcdb:3.A.1.15.1
mit9313,PMT0469,yrbG,cation:H+ antiporter,Q.4,Cations and iron carrying compounds,sys_PMT0469,High,strong + role-complete + resolved,PMT0469:yrbG,False,strong,pfam|ko|cyanorak|tcdb,tcdb:2.A.19.5
mit9313,PMT0495,ftn,ferritin,Q.4,Cations and iron carrying compounds,sys_PMT0495,Medium,"strong, role-incomplete [score-0-only overridden by curated Cyanorak transport role]",PMT0495:ftn,True,strong,cyanorak|tcdb,tcdb:1.A.155
mit9313,PMT0499,ftn,ferritin,Q.4,Cations and iron carrying compounds,sys_PMT0499,Medium,"strong, role-incomplete [score-0-only overridden by curated Cyanorak transport role]",PMT0499:ftn,True,strong,cyanorak|tcdb,tcdb:1.A.155
mit9313,PMT0501,futC,iron(III) transport system ATP-binding protein,Q.4,Cations and iron carrying compounds,sys_PMT0287,High,strong + role-complete + resolved,PMT0287:idiA2|PMT0501:futC|PMT1287:futB,False,strong,pfam|ko|cyanorak|tcdb,tcdb:3.A.1.10
mit9313,PMT0909,,sodium:dicarboxylate symporter,Q.4,Cations and iron carrying compounds,sys_PMT0909,High,strong + role-complete + resolved,PMT0909:,False,strong,pfam|cyanorak|tcdb,tcdb:2.A.23
mit9313,PMT1240,hemH,ferrochelatase,Q.4,Cations and iron carrying compounds,sys_PMT1240,not_transporter,no member is strong or tcdb_only,PMT1240:hemH,False,none,cyanorak,
mit9313,PMT1287,futB,"ABC-type Fe3+ transport system, membrane component",Q.4,Cations and iron carrying compounds,sys_PMT0287,High,strong + role-complete + resolved,PMT0287:idiA2|PMT0501:futC|PMT1287:futB,False,strong,pfam|ko|cyanorak|tcdb,tcdb:3.A.1.10
mit9313,PMT1309,nhaS,"Na+/H+ antiporter, CPA1 family",Q.4,Cations and iron carrying compounds,sys_PMT1309,High,strong + role-complete + resolved,PMT1309:nhaS,False,strong,pfam|cyanorak|tcdb,tcdb:2.A.36
mit9313,PMT1332,,"potassium ion channel, VIC family",Q.4,Cations and iron carrying compounds,sys_PMT1332,High,strong + role-complete + resolved,PMT1332:,False,strong,pfam|ko|cyanorak|tcdb,tcdb:1.A.1.1 | tcdb:1.A.1.13 | tcdb:1.A.1.17 | tcdb:1.A.1.24 | tcdb:1.A.1.25 | tcdb:1.A.1.6
mit9313,PMT1627,citT,"putative sodium/potassium/sulfate transporter, DASS family",Q.4,Cations and iron carrying compounds,sys_PMT1627,High,strong + role-complete + resolved,PMT1627:citT,False,strong,pfam|cyanorak|tcdb,tcdb:2.A.47
mit9313,PMT1628,ktrB,"Ktr-type potassium uptake transporter, potassium-translocating subunit B",Q.4,Cations and iron carrying compounds,sys_PMT1628,High,strong + role-complete + resolved,PMT1628:ktrB|PMT1629:ktrA,False,strong,pfam|ko|cyanorak|tcdb,tcdb:2.A.38.1 | tcdb:2.A.38.4
mit9313,PMT1629,ktrA,"Ktr-type potassium uptake system, NAD-binding component",Q.4,Cations and iron carrying compounds,sys_PMT1628,High,strong + role-complete + resolved,PMT1628:ktrB|PMT1629:ktrA,False,strong,ko|cyanorak|tcdb,tcdb:1.A.1 | tcdb:2.A.38.1 | tcdb:2.A.38.4
mit9313,PMT1853,amt1,ammonium transporter,Q.4,Cations and iron carrying compounds,sys_PMT1853,High,strong + role-complete + resolved,PMT1853:amt1,False,strong,pfam|ko|cyanorak|tcdb,tcdb:1.A.11
mit9313,PMT1944,nhaS,"Na+/H+ antiporter, CPA2 family",Q.4,Cations and iron carrying compounds,sys_PMT1944,High,strong + role-complete + resolved,PMT1944:nhaS,False,strong,pfam|cyanorak|tcdb,tcdb:2.A.37
mit9313,PMT1974,,"sodium/hydrogen exchanger, NhaP family",Q.4,Cations and iron carrying compounds,sys_PMT1974,High,strong + role-complete + resolved,PMT1974:,False,strong,pfam|ko|cyanorak|tcdb,tcdb:2.A.36.6
mit9313,PMT1991,zntA,copper-translocating P-type ATPase,Q.4,Cations and iron carrying compounds,sys_PMT1991,Medium,"strong, role-incomplete",PMT1991:zntA,False,strong,cyanorak|tcdb,tcdb:3.A.3.5
mit9313,PMT2110,ddpD,"peptide/nickel ABC transport system, ATP-binding component",Q.4,Cations and iron carrying compounds,sys_PMT0266,High,strong + role-complete + resolved,PMT0266:dppC|PMT1145:dppA|PMT1146:dppB|PMT2110:ddpD,False,strong,pfam|ko|cyanorak|tcdb,tcdb:3.A.1.5
mit9313,PMT2171,metC,cystathionine beta-lyase family aluminum resistance protein,Q.4,Cations and iron carrying compounds,sys_PMT2171,not_transporter,no member is strong or tcdb_only,PMT2171:metC,False,none,cyanorak,
mit9313,PMT2201,,"ABC-type Mn2+/Zn2+ transport system, permease component",Q.4,Cations and iron carrying compounds,sys_PMT2201,High,strong + role-complete + resolved,PMT2201:|PMT2202:|PMT2203:lraI,False,strong,pfam|ko|cyanorak|tcdb,tcdb:3.A.1.15
mit9313,PMT2202,,"ABC-type Mn2+/Zn2+ transport system, ATP-binding component",Q.4,Cations and iron carrying compounds,sys_PMT2201,High,strong + role-complete + resolved,PMT2201:|PMT2202:|PMT2203:lraI,False,strong,pfam|ko|cyanorak|tcdb,tcdb:3.A.1.15
mit9313,PMT2203,lraI,"ABC-type Mn2+/Zn2+ transport system, periplasmic component",Q.4,Cations and iron carrying compounds,sys_PMT2201,High,strong + role-complete + resolved,PMT2201:|PMT2202:|PMT2203:lraI,False,strong,pfam|ko|cyanorak|tcdb,tcdb:3.A.1.15
mit9313,PMT_0376,,potassium ion channel,Q.4,Cations and iron carrying compounds,sys_PMT_0376,High,strong + role-complete + resolved,PMT_0376:,False,strong,pfam|cyanorak|tcdb,tcdb:1.A.1
mit9313,PMT2002,,RNA-binding protein,Q.5,"Nucleosides, purines and pyrimidines",sys_PMT2002,not_transporter,no member is strong or tcdb_only,PMT2002:,False,none,cyanorak,
mit9313,PMT_2765,comA,competence protein,Q.5,"Nucleosides, purines and pyrimidines",sys_PMT_2765,not_transporter,no member is strong or tcdb_only,PMT_2765:comA,False,none,cyanorak,
mit9313,PMT0284,som,outer membrane porin,Q.6,Porins,sys_PMT0284,High,strong + role-complete + resolved [score-0-only overridden by curated Cyanorak transport role],PMT0284:som,False,strong,pfam|cyanorak|tcdb,tcdb:1.B.23
mit9313,PMT0802,som,outer membrane porin,Q.6,Porins,sys_PMT0802,High,strong + role-complete + resolved [score-0-only overridden by curated Cyanorak transport role],PMT0802:som,False,strong,pfam|cyanorak|tcdb,tcdb:1.B.23
mit9313,PMT0998,som,outer membrane porin,Q.6,Porins,sys_PMT0998,High,strong + role-complete + resolved [score-0-only overridden by curated Cyanorak transport role],PMT0998:som,False,strong,pfam|cyanorak|tcdb,tcdb:1.B.23
mit9313,PMT1413,bamA,outer membrane protein insertion porin family,Q.6,Porins,sys_PMT1413,Medium,"strong, role-incomplete",PMT1413:bamA,False,strong,ko|cyanorak|tcdb,tcdb:1.B.33
mit9313,PMT1979,som,outer membrane porin,Q.6,Porins,sys_PMT1979,High,strong + role-complete + resolved [score-0-only overridden by curated Cyanorak transport role],PMT1979:som,False,strong,pfam|cyanorak|tcdb,tcdb:1.B.23
mit9313,PMT_2631,som,outer membrane porin,Q.6,Porins,sys_PMT_2631,Medium,"strong, complete, no TCDB resolution",PMT_2631:som,False,strong,pfam|cyanorak,
mit9313,PMT0129,,"RND family multidrug efflux transporter, MMPL family",Q.7,Sugars,sys_PMT0129,Medium,"strong, role-incomplete [superfamily-only overridden by curated Cyanorak transport role]",PMT0129:,False,strong,cyanorak|tcdb,tcdb:2.A.6.2
mit9313,PMT0266,dppC,"ABC-type oligopeptide transporter, membrane component",Q.7,Sugars,sys_PMT0266,High,strong + role-complete + resolved,PMT0266:dppC|PMT1145:dppA|PMT1146:dppB|PMT2110:ddpD,False,strong,pfam|ko|cyanorak|tcdb,tcdb:3.A.1.5
mit9313,PMT0412,bcsA,putative chalcone/stilbene synthase,Q.7,Sugars,sys_PMT0412,not_transporter,no member is strong or tcdb_only,PMT0412:bcsA,False,none,cyanorak,
mit9313,PMT0587,devA,"DEVA-like ABC transporter, ATP-binding subunit",Q.7,Sugars,sys_PMT0587,Medium,"strong, role-incomplete (mixed member resolutions)",PMT0587:devA|PMT0588:devC|PMT0589:devB,False,strong,pfam|ko|cyanorak|tcdb,tcdb:3.A.1
mit9313,PMT0588,devC,ABC exporter transmembrane subunit,Q.7,Sugars,sys_PMT0587,Medium,"strong, role-incomplete (mixed member resolutions)",PMT0587:devA|PMT0588:devC|PMT0589:devB,False,strong,pfam|ko|cyanorak|tcdb,tcdb:3.A.1.114
mit9313,PMT0589,devB,"ABC exporter membrane fusion, DevB family",Q.7,Sugars,sys_PMT0587,Medium,"strong, role-incomplete (mixed member resolutions)",PMT0587:devA|PMT0588:devC|PMT0589:devB,False,strong,cyanorak|tcdb,tcdb:2.A.6 | tcdb:3.A.1 | tcdb:8.A.1
mit9313,PMT0643,,permease of the drug/metabolite transporter (DMT) superfamily,Q.7,Sugars,sys_PMT0643,Medium,"strong, complete, no TCDB resolution [superfamily-only overridden by curated Cyanorak transport role]",PMT0643:,False,strong,pfam|cyanorak|tcdb,tcdb:2.A.7
mit9313,PMT0691,ggtA,"ABC-type sugar transport system, ATPase component",Q.7,Sugars,sys_PMT0691,Medium,"strong, complete, no TCDB resolution [superfamily-only overridden by curated Cyanorak transport role]",PMT0691:ggtA|PMT0692:ggtD|PMT0693:ggtC|PMT0694:ggtB,False,strong,pfam|ko|cyanorak|tcdb,tcdb:3.A.1.1
mit9313,PMT0692,ggtD,"ABC-type sugar transport system, permease component",Q.7,Sugars,sys_PMT0691,Medium,"strong, complete, no TCDB resolution [superfamily-only overridden by curated Cyanorak transport role]",PMT0691:ggtA|PMT0692:ggtD|PMT0693:ggtC|PMT0694:ggtB,False,strong,pfam|ko|cyanorak|tcdb,tcdb:3.A.1.1
mit9313,PMT0693,ggtC,"ABC-type sugar transport system, permease component",Q.7,Sugars,sys_PMT0691,Medium,"strong, complete, no TCDB resolution [superfamily-only overridden by curated Cyanorak transport role]",PMT0691:ggtA|PMT0692:ggtD|PMT0693:ggtC|PMT0694:ggtB,False,strong,pfam|ko|cyanorak|tcdb,tcdb:3.A.1.1
mit9313,PMT0694,ggtB,"ABC-type sugar transport system, periplasmic component",Q.7,Sugars,sys_PMT0691,Medium,"strong, complete, no TCDB resolution [superfamily-only overridden by curated Cyanorak transport role]",PMT0691:ggtA|PMT0692:ggtD|PMT0693:ggtC|PMT0694:ggtB,False,strong,pfam|ko|cyanorak|tcdb,tcdb:3.A.1.1
mit9313,PMT0819,mdlB,putative ABC multidrug efflux transporter,Q.7,Sugars,sys_PMT0819,High,strong + role-complete + resolved,PMT0819:mdlB,False,strong,pfam|ko|cyanorak|tcdb,tcdb:3.A.1.106 | tcdb:3.A.1.109 | tcdb:3.A.1.21
mit9313,PMT0854,mscS,"small-conductance mechanosensitive ion channel, MscS family",Q.7,Sugars,sys_PMT0854,High,strong + role-complete + resolved,PMT0854:mscS,False,strong,pfam|ko|cyanorak|tcdb,tcdb:1.A.23.3
mit9313,PMT0856,mscL,"large-conductance mechanosensitive ion channel, MscL family",Q.7,Sugars,sys_PMT0856,High,strong + role-complete + resolved,PMT0856:mscL,False,strong,pfam|ko|cyanorak|tcdb,tcdb:1.A.22.1
mit9313,PMT0977,,ABC transporter family protein,Q.7,Sugars,sys_PMT0977,High,strong + role-complete + resolved,PMT0977:|PMT0978:,False,strong,pfam|ko|cyanorak|tcdb,tcdb:3.A.1.106 | tcdb:3.A.1.109 | tcdb:3.A.1.21
mit9313,PMT1080,,ABC transporter,Q.7,Sugars,sys_PMT1080,High,strong + role-complete + resolved,PMT1080:,False,strong,pfam|ko|cyanorak|tcdb,tcdb:3.A.1.106 | tcdb:3.A.1.109 | tcdb:3.A.1.21
mit9313,PMT1120,lacG,"ABC-type sugar transport system, permease component",Q.7,Sugars,sys_PMT0145,High,strong + role-complete + resolved (mixed member resolutions),PMT0145:srrA|PMT0668:lacF|PMT1120:lacG|PMT1545:,False,strong,pfam|ko|cyanorak|tcdb,tcdb:3.A.1.1.40
mit9313,PMT1338,ccmA,"ABC-type multidrug transport system, ATPase component",Q.7,Sugars,sys_PMT1337,Medium,"strong, role-incomplete [superfamily-only overridden by curated Cyanorak transport role]",PMT1337:ycf38|PMT1338:ccmA,False,strong,pfam|ko|cyanorak|tcdb,tcdb:3.A.1
mit9313,PMT1486,,"multidrug efflux transporter, MFS family",Q.7,Sugars,sys_PMT1486,Medium,"strong, complete, no TCDB resolution [superfamily-only overridden by curated Cyanorak transport role]",PMT1486:,False,strong,pfam|cyanorak|tcdb,tcdb:2.A.1
mit9313,PMT1524,mscS,"small-conductance mechanosensitive ion channel, MscS family",Q.7,Sugars,sys_PMT1524,High,strong + role-complete + resolved,PMT1524:mscS,False,strong,pfam|ko|cyanorak|tcdb,tcdb:1.A.23.4
mit9313,PMT1574,,"ABC transporter, permease component",Q.7,Sugars,sys_PMT1573,Medium,"strong, role-incomplete (mixed member resolutions)",PMT1573:|PMT1574:|PMT1575:,False,strong,pfam|ko|cyanorak|tcdb,tcdb:3.A.1
mit9313,PMT1575,,"ABC transporter, permease component",Q.7,Sugars,sys_PMT1573,Medium,"strong, role-incomplete (mixed member resolutions)",PMT1573:|PMT1574:|PMT1575:,False,strong,pfam|ko|cyanorak|tcdb,tcdb:3.A.1
mit9313,PMT1595,mcyH,"ABC transporter, ATPase component",Q.7,Sugars,sys_PMT1595,High,strong + role-complete + resolved,PMT1595:mcyH,False,strong,pfam|ko|cyanorak|tcdb,tcdb:3.A.1.106 | tcdb:3.A.1.110 | tcdb:3.A.1.112 | tcdb:3.A.1.113 | tcdb:3.A.1.117 | tcdb:3.A.1.203.11 | tcdb:3.A.1.203.4 | tcdb:3.A.1.21
mit9313,PMT1616,,"RND transporter, hydrophobe/amphiphile efflux-1 family protein",Q.7,Sugars,sys_PMT1616,Medium,"strong, role-incomplete [superfamily-only overridden by curated Cyanorak transport role]",PMT1616:,False,strong,cyanorak|tcdb,tcdb:2.A.6.2
mit9313,PMT2077,mscS,"small-conductance mechanosensitive ion channel, MscS family",Q.7,Sugars,sys_PMT2077,High,strong + role-complete + resolved,PMT2077:mscS,False,strong,pfam|ko|cyanorak|tcdb,tcdb:1.A.23.4
mit9313,PMT2143,,ABC multidrug efflux transporter,Q.7,Sugars,sys_PMT2142,High,strong + role-complete + resolved,PMT2142:|PMT2143:|PMT2145:,False,strong,pfam|ko|cyanorak|tcdb,tcdb:3.A.1.106 | tcdb:3.A.1.109 | tcdb:3.A.1.21
mit9313,PMT2145,,"NHLM bacteriocin system ABC transporter, peptidase/ATP-binding protein",Q.7,Sugars,sys_PMT2142,High,strong + role-complete + resolved,PMT2142:|PMT2143:|PMT2145:,False,strong,pfam|ko|cyanorak|tcdb,tcdb:3.A.1.106 | tcdb:3.A.1.109 | tcdb:3.A.1.21
mit9313,PMT2149,,cyclic nucleotide-regulated small-conductance mechanosensitive ion channel,Q.7,Sugars,sys_PMT2149,High,strong + role-complete + resolved,PMT2149:,False,strong,pfam|cyanorak|tcdb,tcdb:1.A.23
mit9313,PMT_0093,,ABC multidrug efflux transporter,Q.7,Sugars,sys_PMT_0093,High,strong + role-complete + resolved,PMT_0093:,False,strong,pfam|ko|cyanorak|tcdb,tcdb:3.A.1.106 | tcdb:3.A.1.109 | tcdb:3.A.1.21
mit9313,PMT_2355,,"MFS transporter, sugar porter family protein",Q.7,Sugars,sys_PMT_2355,Medium,"strong, complete, no TCDB resolution",PMT_2355:,False,strong,pfam|cyanorak,
mit9313,PMT0108,,"ABC-type lipopolysaccharide transport system, ATPase component",Q.8,Other,sys_PMT0108,Medium,"strong, role-incomplete",PMT0108:|PMT0109:,False,strong,pfam|ko|cyanorak|tcdb,tcdb:3.A.1.103
mit9313,PMT0109,,"ABC-type lipopolysaccharide transport system, permease component",Q.8,Other,sys_PMT0108,Medium,"strong, role-incomplete",PMT0108:|PMT0109:,False,strong,pfam|ko|cyanorak|tcdb,tcdb:3.A.1.103
mit9313,PMT0123,crcB1,fluoride exporter,Q.8,Other,sys_PMT0123,Medium,"strong, role-incomplete",PMT0123:crcB1|PMT0124:crcB2,False,strong,ko|cyanorak|tcdb,tcdb:1.A.43.1 | tcdb:1.A.43.2 | tcdb:1.A.43.3
mit9313,PMT0124,crcB2,fluoride exporter,Q.8,Other,sys_PMT0123,Medium,"strong, role-incomplete",PMT0123:crcB1|PMT0124:crcB2,False,strong,ko|cyanorak|tcdb,tcdb:1.A.43.1 | tcdb:1.A.43.2 | tcdb:1.A.43.3
mit9313,PMT0571,lptG,"lipopolysaccharide export system, permease component",Q.8,Other,sys_PMT0571,Medium,"strong, role-incomplete",PMT0571:lptG|PMT0572:lptB|PMT0573:lptA,False,strong,pfam|ko|cyanorak|tcdb,tcdb:1.B.42.1 | tcdb:3.A.1
mit9313,PMT0572,lptB,"lipopolysaccharide export system, ATP-binding component LptB",Q.8,Other,sys_PMT0571,Medium,"strong, role-incomplete",PMT0571:lptG|PMT0572:lptB|PMT0573:lptA,False,strong,pfam|ko|cyanorak|tcdb,tcdb:1.B.42.1 | tcdb:3.A.1
mit9313,PMT0573,lptA,"lipopolysaccharide export system, ATPase component",Q.8,Other,sys_PMT0571,Medium,"strong, role-incomplete",PMT0571:lptG|PMT0572:lptB|PMT0573:lptA,False,strong,ko|cyanorak|tcdb,tcdb:1.B.42.1
mit9313,PMT0594,bioY,"biotin ECF transporter, substrate component",Q.8,Other,sys_PMT0594,Medium,"strong, role-incomplete",PMT0594:bioY,False,strong,ko|cyanorak|tcdb,tcdb:2.A.88.1 | tcdb:2.A.88.2 | tcdb:3.A.1
mit9313,PMT1106,,glycolipid exporter Gap/Sap,Q.8,Other,sys_PMT1106,Medium,"strong, role-incomplete",PMT1106:,False,strong,cyanorak|tcdb,tcdb:2.A.116
mit9313,PMT1573,,"ABC exporter membrane fusion, DevB family",Q.8,Other,sys_PMT1573,Medium,"strong, role-incomplete (mixed member resolutions)",PMT1573:|PMT1574:|PMT1575:,False,strong,cyanorak|tcdb,tcdb:2.A.6 | tcdb:3.A.1 | tcdb:8.A.1
mit9313,PMT1866,,CNNM domain-containing protein,Q.8,Other,sys_PMT1866,Medium,"strong, role-incomplete",PMT1866:,False,strong,ko|cyanorak|tcdb,tcdb:1.A.112 | tcdb:1.C.126 | tcdb:2.A.109
mit9313,PMT1987,ecfA1,energy-coupling factor transport system ATP-binding protein,Q.8,Other,sys_PMT1987,Medium,"strong, role-incomplete",PMT1987:ecfA1,False,strong,pfam|ko|cyanorak|tcdb,tcdb:3.A.1.25 | tcdb:3.A.1.28 | tcdb:3.A.1.29 | tcdb:3.A.1.30 | tcdb:3.A.1.31 | tcdb:3.A.1.32 | tcdb:3.A.1.33
mit9313,PMT0130,,"efflux transporter, RND family, MFP subunit",Q.9,Unknown substrate,sys_PMT0130,Medium,"strong, role-incomplete [superfamily-only overridden by curated Cyanorak transport role]",PMT0130:,False,strong,cyanorak|tcdb,tcdb:2.A.6
mit9313,PMT0174,,"multidrug efflux transporter, MFS family",Q.9,Unknown substrate,sys_PMT0174,Medium,"strong, role-incomplete [superfamily-only overridden by curated Cyanorak transport role]",PMT0174:,False,strong,cyanorak|tcdb,tcdb:2.A.1
mit9313,PMT0182,tolC,"TolC-like outer membrane efflux protein, RND family",Q.9,Unknown substrate,sys_PMT0182,Medium,"strong, role-incomplete",PMT0182:tolC,False,strong,cyanorak|tcdb,tcdb:1.B.17 | tcdb:2.A.6 | tcdb:3.A.1
mit9313,PMT0204,cbiQ,transmembrane component of ECF transporter energizing module,Q.9,Unknown substrate,sys_PMT0204,Medium,"strong, role-incomplete",PMT0204:cbiQ,False,strong,ko|cyanorak|tcdb,tcdb:3.A.1.25 | tcdb:3.A.1.28 | tcdb:3.A.1.29 | tcdb:3.A.1.30 | tcdb:3.A.1.31 | tcdb:3.A.1.32 | tcdb:3.A.1.33
mit9313,PMT0210,,"multidrug efflux transporter, MFS family",Q.9,Unknown substrate,sys_PMT0210,Medium,"strong, complete, no TCDB resolution [superfamily-only overridden by curated Cyanorak transport role]",PMT0210:,False,strong,pfam|cyanorak|tcdb,tcdb:2.A.1
mit9313,PMT0438,,translocation and assembly module TamB-like protein,Q.9,Unknown substrate,sys_PMT0438,not_transporter,no member is strong or tcdb_only,PMT0438:,False,none,ko|cyanorak,
mit9313,PMT0602,,"putative autoinducer 2 exporter, YhhT family",Q.9,Unknown substrate,sys_PMT0602,High,strong + role-complete + resolved,PMT0602:,False,strong,pfam|cyanorak|tcdb,tcdb:2.A.86
mit9313,PMT0603,perM,"putative autoinducer 2 exporter, YhhT family",Q.9,Unknown substrate,sys_PMT0603,High,strong + role-complete + resolved,PMT0603:perM,False,strong,pfam|cyanorak|tcdb,tcdb:2.A.86
mit9313,PMT0742,,FAD dependent oxidoreductase,Q.9,Unknown substrate,sys_PMT0742,not_transporter,no member is strong or tcdb_only,PMT0742:,False,none,cyanorak,
mit9313,PMT0999,arsJ,"multidrug efflux transporter, MFS family",Q.9,Unknown substrate,sys_PMT0999,High,strong + role-complete + resolved,PMT0999:arsJ,False,strong,pfam|cyanorak|tcdb,tcdb:2.A.1.83
mit9313,PMT1156,acrA,"RND efflux pump, MFP subunit, HlyD family",Q.9,Unknown substrate,sys_PMT1156,Medium,"strong, role-incomplete",PMT1156:acrA,False,strong,cyanorak|tcdb,tcdb:2.A.6 | tcdb:3.A.1 | tcdb:8.A.1
mit9313,PMT1160,,sodium-dependent transporter,Q.9,Unknown substrate,sys_PMT1160,High,strong + role-complete + resolved,PMT1160:,False,strong,pfam|cyanorak|tcdb,tcdb:2.A.22.4 | tcdb:2.A.22.5
mit9313,PMT1213,sbtA,possible sodium-dependent bicarbonate transporter,Q.9,Unknown substrate,sys_PMT1213,High,strong + role-complete + resolved,PMT1213:sbtA,False,strong,pfam|cyanorak|tcdb,tcdb:2.A.83.2
mit9313,PMT1237,,periplasmic binding protein,Q.9,Unknown substrate,sys_PMT1237,Medium,"strong, role-incomplete [superfamily-only overridden by curated Cyanorak transport role] [score-0-only overridden by curated Cyanorak transport role]",PMT1237:,False,strong,pfam|cyanorak|tcdb,tcdb:3.A.1
mit9313,PMT1364,,eamA-like transporter family protein,Q.9,Unknown substrate,sys_PMT1364,Medium,"strong, complete, no TCDB resolution [superfamily-only overridden by curated Cyanorak transport role]",PMT1364:,False,strong,pfam|cyanorak|tcdb,tcdb:2.A.7
mit9313,PMT1437,,AEC transporter family,Q.9,Unknown substrate,sys_PMT1437,High,strong + role-complete + resolved,PMT1437:,False,strong,pfam|cyanorak|tcdb,tcdb:2.A.69
mit9313,PMT1517,grrP,"extracellular substrate-binding orphan, GRRM family protein",Q.9,Unknown substrate,sys_PMT0893,High,strong + role-complete + resolved,PMT0893:|PMT0894:natH|PMT0896:natG|PMT0897:natF|PMT1517:grrP,False,strong,pfam|ko|cyanorak|tcdb,tcdb:3.A.1.3
mit9313,PMT1540,uup,ABC transport system ATP-binding/permease protein,Q.9,Unknown substrate,sys_PMT1540,Medium,"strong, role-incomplete",PMT1540:uup,False,strong,pfam|ko|cyanorak|tcdb,tcdb:3.A.1.120.6 | tcdb:9.B.325
mit9313,PMT1576,,"ABC exporter ATP-binding subunit, DevA type",Q.9,Unknown substrate,sys_PMT1576,Medium,"strong, role-incomplete [superfamily-only overridden by curated Cyanorak transport role]",PMT1576:,False,strong,pfam|ko|cyanorak|tcdb,tcdb:3.A.1
mit9313,PMT1617,mdtA,multidrug efflux pump membrane fusion protein,Q.9,Unknown substrate,sys_PMT1617,Medium,"strong, role-incomplete",PMT1617:mdtA,False,strong,cyanorak|tcdb,tcdb:2.A.6 | tcdb:8.A.1
mit9313,PMT1621,,putative 4^-phosphopantetheinyl transferase family domain protein,Q.9,Unknown substrate,sys_PMT1621,not_transporter,no member is strong or tcdb_only,PMT1621:,False,none,cyanorak,
mit9313,PMT1635,,"ABC transport system ATP-binding/permease protein, Uup family",Q.9,Unknown substrate,sys_PMT1635,Medium,"strong, role-incomplete",PMT1635:,False,strong,pfam|cyanorak|tcdb,tcdb:3.A.1 | tcdb:9.B.325
mit9313,PMT1814,,creatinine amidohydrolase family protein,Q.9,Unknown substrate,sys_PMT1814,not_transporter,no member is strong or tcdb_only,PMT1814:,False,none,cyanorak,
mit9313,PMT1873,,"multidrug efflux transporter, MFS family",Q.9,Unknown substrate,sys_PMT1873,Medium,"strong, complete, no TCDB resolution [superfamily-only overridden by curated Cyanorak transport role]",PMT1873:,False,strong,pfam|cyanorak|tcdb,tcdb:2.A.1
mit9313,PMT1929,,ABC transporter family protein,Q.9,Unknown substrate,sys_PMT1929,High,strong + role-complete + resolved,PMT1929:,False,strong,pfam|ko|cyanorak|tcdb,tcdb:3.A.1.106 | tcdb:3.A.1.109 | tcdb:3.A.1.21
mit9313,PMT2030,,TqsA-like transmembrane protein,Q.9,Unknown substrate,sys_PMT2030,High,strong + role-complete + resolved,PMT2030:,False,strong,pfam|cyanorak|tcdb,tcdb:2.A.86
mit9313,PMT2207,,permease,Q.9,Unknown substrate,sys_PMT2207,Medium,"strong, role-incomplete",PMT2207:,False,strong,pfam|cyanorak,
mit9313,PMT2244,,"multidrug efflux transporter, MFS family",Q.9,Unknown substrate,sys_PMT2244,High,strong + role-complete + resolved,PMT2244:,False,strong,pfam|ko|cyanorak|tcdb,tcdb:2.A.1.2.38 | tcdb:2.A.1.2.39 | tcdb:2.A.1.2.4 | tcdb:2.A.1.2.41 | tcdb:2.A.1.2.68 | tcdb:2.A.1.2.75
natl2a,PMN2A_0611,PMN2A_RS06190,"BgtA-like ABC-type uptake transporter for acidic and neutral polar amino acids (N-II), ATPase subunit",Q.1,"Amino acids, peptides and amines",sys_PMN2A_0611,High,strong + role-complete + resolved,PMN2A_0611:PMN2A_RS06190|PMN2A_0612:natH|PMN2A_0613:natG|PMN2A_0614:natF,False,strong,pfam|ko|cyanorak|tcdb,tcdb:3.A.1.3.12 | tcdb:3.A.1.3.17 | tcdb:3.A.1.3.18 | tcdb:3.A.1.3.7 | tcdb:3.A.1.3.8
natl2a,PMN2A_0612,natH,"ABC-type uptake transporter for acidic and neutral polar amino acids (N-II), membrane protein",Q.1,"Amino acids, peptides and amines",sys_PMN2A_0611,High,strong + role-complete + resolved,PMN2A_0611:PMN2A_RS06190|PMN2A_0612:natH|PMN2A_0613:natG|PMN2A_0614:natF,False,strong,pfam|ko|cyanorak|tcdb,tcdb:3.A.1.3.12 | tcdb:3.A.1.3.17 | tcdb:3.A.1.3.18 | tcdb:3.A.1.3.7 | tcdb:3.A.1.3.8
natl2a,PMN2A_0613,natG,"ABC-type uptake transporter for acidic and neutral polar amino acids (N-II), membrane protein",Q.1,"Amino acids, peptides and amines",sys_PMN2A_0611,High,strong + role-complete + resolved,PMN2A_0611:PMN2A_RS06190|PMN2A_0612:natH|PMN2A_0613:natG|PMN2A_0614:natF,False,strong,pfam|ko|cyanorak|tcdb,tcdb:3.A.1.3.18 | tcdb:3.A.1.3.7 | tcdb:3.A.1.3.8
natl2a,PMN2A_0614,natF,"ABC-type uptake transporter for acidic and neutral polar amino acids (N-II), substrate binding protein",Q.1,"Amino acids, peptides and amines",sys_PMN2A_0611,High,strong + role-complete + resolved,PMN2A_0611:PMN2A_RS06190|PMN2A_0612:natH|PMN2A_0613:natG|PMN2A_0614:natF,False,strong,pfam|ko|cyanorak|tcdb,tcdb:3.A.1.3.18 | tcdb:3.A.1.3.7 | tcdb:3.A.1.3.8 | tcdb:9.B.321
natl2a,PMN2A_0704,dppA,peptide/nickel transport system substrate-binding protein,Q.1,"Amino acids, peptides and amines",sys_PMN2A_0704,High,strong + role-complete + resolved,PMN2A_0704:dppA|PMN2A_0705:dppB|PMN2A_1559:ddpD|PMN2A_1755:dppC,False,strong,pfam|ko|cyanorak|tcdb,tcdb:3.A.1.5
natl2a,PMN2A_0705,dppB,"oligopeptide ABC transporter, membrane component",Q.1,"Amino acids, peptides and amines",sys_PMN2A_0704,High,strong + role-complete + resolved,PMN2A_0704:dppA|PMN2A_0705:dppB|PMN2A_1559:ddpD|PMN2A_1755:dppC,False,strong,pfam|ko|cyanorak|tcdb,tcdb:3.A.1.5
natl2a,PMN2A_1044,urtE,"ABC-type urea transporter, ATPase component UrtE",Q.1,"Amino acids, peptides and amines",sys_PMN2A_1044,High,strong + role-complete + resolved,PMN2A_1044:urtE|PMN2A_1045:urtD|PMN2A_1046:urtC|PMN2A_1047:urtB|PMN2A_1048:urtA,False,strong,pfam|ko|cyanorak|tcdb,tcdb:1.B.42 | tcdb:3.A.1.4.4 | tcdb:3.A.1.4.5
natl2a,PMN2A_1045,urtD,"ABC-type urea transporter, ATP-binding component UrtD",Q.1,"Amino acids, peptides and amines",sys_PMN2A_1044,High,strong + role-complete + resolved,PMN2A_1044:urtE|PMN2A_1045:urtD|PMN2A_1046:urtC|PMN2A_1047:urtB|PMN2A_1048:urtA,False,strong,pfam|ko|cyanorak|tcdb,tcdb:3.A.1.4.4 | tcdb:3.A.1.4.5
natl2a,PMN2A_1046,urtC,"ABC-type urea transporter, membrane component",Q.1,"Amino acids, peptides and amines",sys_PMN2A_1044,High,strong + role-complete + resolved,PMN2A_1044:urtE|PMN2A_1045:urtD|PMN2A_1046:urtC|PMN2A_1047:urtB|PMN2A_1048:urtA,False,strong,pfam|ko|cyanorak|tcdb,tcdb:3.A.1.4.4 | tcdb:3.A.1.4.5
natl2a,PMN2A_1047,urtB,"ABC-type urea transporter, permease component",Q.1,"Amino acids, peptides and amines",sys_PMN2A_1044,High,strong + role-complete + resolved,PMN2A_1044:urtE|PMN2A_1045:urtD|PMN2A_1046:urtC|PMN2A_1047:urtB|PMN2A_1048:urtA,False,strong,pfam|ko|cyanorak|tcdb,tcdb:3.A.1.4.4 | tcdb:3.A.1.4.5
natl2a,PMN2A_1048,urtA,"ABC-type urea transporter, substrate binding component",Q.1,"Amino acids, peptides and amines",sys_PMN2A_1044,High,strong + role-complete + resolved,PMN2A_1044:urtE|PMN2A_1045:urtD|PMN2A_1046:urtC|PMN2A_1047:urtB|PMN2A_1048:urtA,False,strong,pfam|ko|cyanorak|tcdb,tcdb:3.A.1.4.4 | tcdb:3.A.1.4.5
natl2a,PMN2A_1559,ddpD,"peptide/nickel ABC transport system, ATP-binding component",Q.1,"Amino acids, peptides and amines",sys_PMN2A_0704,High,strong + role-complete + resolved,PMN2A_0704:dppA|PMN2A_0705:dppB|PMN2A_1559:ddpD|PMN2A_1755:dppC,False,strong,pfam|ko|cyanorak|tcdb,tcdb:3.A.1.5
natl2a,PMN2A_1761,hisF,"imidazole glycerol phosphate synthase, cyclase subunit",Q.1,"Amino acids, peptides and amines",sys_PMN2A_1761,not_transporter,no member is strong or tcdb_only,PMN2A_1761:hisF,False,none,cyanorak,
natl2a,PMN2A_0103,phnE,"phosphate/phosphonate ABC type transporter, permease component",Q.2,Anions,sys_PMN2A_0103,High,strong + role-complete + resolved,PMN2A_0103:phnE|PMN2A_0104:phnC|PMN2A_0105:phnD,False,strong,pfam|ko|cyanorak|tcdb,tcdb:3.A.1.9
natl2a,PMN2A_0104,phnC,"phosphonate ABC type transporter, ATPase component",Q.2,Anions,sys_PMN2A_0103,High,strong + role-complete + resolved,PMN2A_0103:phnE|PMN2A_0104:phnC|PMN2A_0105:phnD,False,strong,pfam|ko|cyanorak|tcdb,tcdb:3.A.1.9
natl2a,PMN2A_0105,phnD,"phosphonate ABC type transporter, substrate binding component",Q.2,Anions,sys_PMN2A_0103,High,strong + role-complete + resolved,PMN2A_0103:phnE|PMN2A_0104:phnC|PMN2A_0105:phnD,False,strong,pfam|ko|cyanorak|tcdb,tcdb:3.A.1.9
natl2a,PMN2A_0309,pstB,ABC-type phosphate transport system ATPase component,Q.2,Anions,sys_PMN2A_0309,High,strong + role-complete + resolved,PMN2A_0309:pstB|PMN2A_0310:pstA|PMN2A_0311:pstC|PMN2A_0441:pstS,False,strong,pfam|ko|cyanorak|tcdb,tcdb:3.A.1.7
natl2a,PMN2A_0310,pstA,ABC-type phosphate transport system permease component,Q.2,Anions,sys_PMN2A_0309,High,strong + role-complete + resolved,PMN2A_0309:pstB|PMN2A_0310:pstA|PMN2A_0311:pstC|PMN2A_0441:pstS,False,strong,pfam|ko|cyanorak|tcdb,tcdb:3.A.1.7
natl2a,PMN2A_0311,pstC,ABC-type phosphate transport system permease component,Q.2,Anions,sys_PMN2A_0309,High,strong + role-complete + resolved,PMN2A_0309:pstB|PMN2A_0310:pstA|PMN2A_0311:pstC|PMN2A_0441:pstS,False,strong,pfam|ko|cyanorak|tcdb,tcdb:3.A.1.7
natl2a,PMN2A_0441,pstS,"phosphate ABC transporter, phosphate-binding protein PstS",Q.2,Anions,sys_PMN2A_0309,High,strong + role-complete + resolved,PMN2A_0309:pstB|PMN2A_0310:pstA|PMN2A_0311:pstC|PMN2A_0441:pstS,False,strong,pfam|ko|cyanorak|tcdb,tcdb:3.A.1.7
natl2a,PMN2A_0631,sul1,sulfate permease,Q.2,Anions,sys_PMN2A_0631,High,strong + role-complete + resolved,PMN2A_0631:sul1,False,strong,pfam|ko|cyanorak|tcdb,tcdb:2.A.53.3
natl2a,PMN2A_1299,focA,"nitrite transporter, FNT family",Q.2,Anions,sys_PMN2A_1299,Medium,"strong, role-incomplete [score-0-only overridden by curated Cyanorak transport role]",PMN2A_1299:focA,False,strong,cyanorak|tcdb,tcdb:1.A.16
natl2a,PMN2A_1581,sul3,sulfate transporter family protein,Q.2,Anions,sys_PMN2A_1581,High,strong + role-complete + resolved,PMN2A_1581:sul3,False,strong,pfam|ko|cyanorak|tcdb,tcdb:2.A.53.3
natl2a,PMN2A_2187,,voltage-gated CLC-type chloride channel protein,Q.2,Anions,sys_PMN2A_2187,Medium,"strong, complete, no TCDB resolution",PMN2A_2187:,False,strong,pfam|cyanorak,
natl2a,PMN2A_0894,glcH,glucose transporter,Q.3,"Carbohydrates, organic alcohols, and acids",sys_PMN2A_0894,High,strong + role-complete + resolved,PMN2A_0894:glcH,False,strong,pfam|cyanorak|tcdb,tcdb:2.A.2
natl2a,PMN2A_1011,PMN2A_RS08290,"sodium:solute symporter family, possibly glucose transporter",Q.3,"Carbohydrates, organic alcohols, and acids",sys_PMN2A_1011,High,strong + role-complete + resolved,PMN2A_1011:PMN2A_RS08290,False,strong,pfam|cyanorak|tcdb,tcdb:2.A.1 | tcdb:2.A.21
natl2a,PMN2A_0004,yrbG,cation:H+ antiporter,Q.4,Cations and iron carrying compounds,sys_PMN2A_0004,High,strong + role-complete + resolved,PMN2A_0004:yrbG,False,strong,pfam|ko|cyanorak|tcdb,tcdb:2.A.19.5
natl2a,PMN2A_0037,mntC,"ABC-type Mn2+ transporter, substrate binding protein",Q.4,Cations and iron carrying compounds,sys_PMN2A_0037,High,strong + role-complete + resolved,PMN2A_0037:mntC|PMN2A_0038:mntA|PMN2A_0039:mntB,False,strong,pfam|ko|cyanorak|tcdb,tcdb:3.A.1.15.1
natl2a,PMN2A_0038,mntA,"ABC-type Mn2+ transport system, ATPase component",Q.4,Cations and iron carrying compounds,sys_PMN2A_0037,High,strong + role-complete + resolved,PMN2A_0037:mntC|PMN2A_0038:mntA|PMN2A_0039:mntB,False,strong,pfam|ko|cyanorak|tcdb,tcdb:3.A.1.15.1
natl2a,PMN2A_0039,mntB,"ABC-type Mn2+ transporter, membrane component",Q.4,Cations and iron carrying compounds,sys_PMN2A_0037,High,strong + role-complete + resolved,PMN2A_0037:mntC|PMN2A_0038:mntA|PMN2A_0039:mntB,False,strong,pfam|ko|cyanorak|tcdb,tcdb:3.A.1.15.1
natl2a,PMN2A_0211,futC,iron(III) transport system ATP-binding protein,Q.4,Cations and iron carrying compounds,sys_PMN2A_0211,High,strong + role-complete + resolved,PMN2A_0211:futC|PMN2A_0774:idiA2|PMN2A_1822:futB,False,strong,pfam|ko|cyanorak|tcdb,tcdb:3.A.1.10
natl2a,PMN2A_0212,ftn,ferritin,Q.4,Cations and iron carrying compounds,sys_PMN2A_0212,not_transporter,no member is strong or tcdb_only,PMN2A_0212:ftn,True,none,cyanorak,
natl2a,PMN2A_0237,PMN2A_RS04120,"Mn2+/Fe2+ transporter, NRAMP family",Q.4,Cations and iron carrying compounds,sys_PMN2A_0237,Medium,"strong, role-incomplete",PMN2A_0237:PMN2A_RS04120,False,strong,cyanorak|tcdb,tcdb:2.A.55
natl2a,PMN2A_0403,PMN2A_RS05005,"potassium ion channel, VIC family",Q.4,Cations and iron carrying compounds,sys_PMN2A_0403,High,strong + role-complete + resolved,PMN2A_0403:PMN2A_RS05005,False,strong,pfam|ko|cyanorak|tcdb,tcdb:1.A.1.1 | tcdb:1.A.1.13 | tcdb:1.A.1.17 | tcdb:1.A.1.24 | tcdb:1.A.1.25 | tcdb:1.A.1.6 | tcdb:2.A.38
natl2a,PMN2A_0774,idiA2,iron deficiency-induced protein A,Q.4,Cations and iron carrying compounds,sys_PMN2A_0211,High,strong + role-complete + resolved,PMN2A_0211:futC|PMN2A_0774:idiA2|PMN2A_1822:futB,False,strong,pfam|ko|cyanorak|tcdb,tcdb:3.A.1.10
natl2a,PMN2A_0775,piuC,iron-uptake factor PiuC,Q.4,Cations and iron carrying compounds,sys_PMN2A_0775,not_transporter,no member is strong or tcdb_only,PMN2A_0775:piuC,False,none,cyanorak,
natl2a,PMN2A_1032,PMN2A_RS08400,"ABC-type Mn2+/Zn2+ transport system, permease component",Q.4,Cations and iron carrying compounds,sys_PMN2A_1032,High,strong + role-complete + resolved,PMN2A_1032:PMN2A_RS08400|PMN2A_1034:PMN2A_RS08410|PMN2A_1035:PMN2A_RS08415,False,strong,pfam|ko|cyanorak|tcdb,tcdb:3.A.1.15
natl2a,PMN2A_1034,PMN2A_RS08410,"ABC-type Mn2+/Zn2+ transport system, ATP-binding component",Q.4,Cations and iron carrying compounds,sys_PMN2A_1032,High,strong + role-complete + resolved,PMN2A_1032:PMN2A_RS08400|PMN2A_1034:PMN2A_RS08410|PMN2A_1035:PMN2A_RS08415,False,strong,pfam|ko|cyanorak|tcdb,tcdb:3.A.1.15
natl2a,PMN2A_1035,PMN2A_RS08415,"ABC-type Mn2+/Zn2+ transport system, periplasmic component",Q.4,Cations and iron carrying compounds,sys_PMN2A_1032,High,strong + role-complete + resolved,PMN2A_1032:PMN2A_RS08400|PMN2A_1034:PMN2A_RS08410|PMN2A_1035:PMN2A_RS08415,False,strong,pfam|ko|cyanorak|tcdb,tcdb:3.A.1.15
natl2a,PMN2A_1175,nhaS,"Na+/H+ antiporter, CPA2 family",Q.4,Cations and iron carrying compounds,sys_PMN2A_1175,High,strong + role-complete + resolved,PMN2A_1175:nhaS,False,strong,pfam|cyanorak|tcdb,tcdb:2.A.37
natl2a,PMN2A_1208,mgtE,magnesium transporter,Q.4,Cations and iron carrying compounds,sys_PMN2A_1208,High,strong + role-complete + resolved,PMN2A_1208:mgtE,False,strong,pfam|ko|cyanorak|tcdb,tcdb:1.A.26.1 | tcdb:3.A.1
natl2a,PMN2A_1269,metC,cystathionine beta-lyase family aluminum resistance protein,Q.4,Cations and iron carrying compounds,sys_PMN2A_1269,not_transporter,no member is strong or tcdb_only,PMN2A_1269:metC,False,none,cyanorak,
natl2a,PMN2A_1447,PMN2A_RS00625,"putative sodium/potassium/sulfate transporter, DASS family",Q.4,Cations and iron carrying compounds,sys_PMN2A_1447,High,strong + role-complete + resolved,PMN2A_1447:PMN2A_RS00625,False,strong,pfam|cyanorak|tcdb,tcdb:2.A.47
natl2a,PMN2A_1448,ktrB,"Ktr-type potassium uptake transporter, potassium-translocating subunit B",Q.4,Cations and iron carrying compounds,sys_PMN2A_1448,High,strong + role-complete + resolved,PMN2A_1448:ktrB|PMN2A_1449:ktrA,False,strong,pfam|ko|cyanorak|tcdb,tcdb:2.A.38.1 | tcdb:2.A.38.4
natl2a,PMN2A_1449,ktrA,"Ktr-type potassium uptake system, NAD-binding component",Q.4,Cations and iron carrying compounds,sys_PMN2A_1448,High,strong + role-complete + resolved,PMN2A_1448:ktrB|PMN2A_1449:ktrA,False,strong,ko|cyanorak|tcdb,tcdb:1.A.1 | tcdb:2.A.37 | tcdb:2.A.38.1 | tcdb:2.A.38.4
natl2a,PMN2A_1497,PMN2A_RS00885,copper-translocating P-type ATPase,Q.4,Cations and iron carrying compounds,sys_PMN2A_1497,Medium,"strong, role-incomplete",PMN2A_1497:PMN2A_RS00885,False,strong,cyanorak|tcdb,tcdb:3.A.3.5
natl2a,PMN2A_1559,ddpD,"peptide/nickel ABC transport system, ATP-binding component",Q.4,Cations and iron carrying compounds,sys_PMN2A_0704,High,strong + role-complete + resolved,PMN2A_0704:dppA|PMN2A_0705:dppB|PMN2A_1559:ddpD|PMN2A_1755:dppC,False,strong,pfam|ko|cyanorak|tcdb,tcdb:3.A.1.5
natl2a,PMN2A_1629,amt1,ammonium transporter,Q.4,Cations and iron carrying compounds,sys_PMN2A_1629,High,strong + role-complete + resolved,PMN2A_1629:amt1,False,strong,pfam|ko|cyanorak|tcdb,tcdb:1.A.11
natl2a,PMN2A_1805,nhaS,"Na+/H+ antiporter, CPA1 family",Q.4,Cations and iron carrying compounds,sys_PMN2A_1805,High,strong + role-complete + resolved,PMN2A_1805:nhaS,False,strong,pfam|cyanorak|tcdb,tcdb:2.A.36 | tcdb:2.A.37
natl2a,PMN2A_1822,futB,"ABC-type Fe3+ transport system, membrane component",Q.4,Cations and iron carrying compounds,sys_PMN2A_0211,High,strong + role-complete + resolved,PMN2A_0211:futC|PMN2A_0774:idiA2|PMN2A_1822:futB,False,strong,pfam|ko|cyanorak|tcdb,tcdb:3.A.1.10
natl2a,PMN2A_1857,hemH,ferrochelatase,Q.4,Cations and iron carrying compounds,sys_PMN2A_1857,not_transporter,no member is strong or tcdb_only,PMN2A_1857:hemH,False,none,cyanorak,
natl2a,PMN2A_1508,PMN2A_RS00940,RNA-binding protein,Q.5,"Nucleosides, purines and pyrimidines",sys_PMN2A_1508,not_transporter,no member is strong or tcdb_only,PMN2A_1508:PMN2A_RS00940,False,none,cyanorak,
natl2a,PMN2A_0440,PMN2A_RS05215,outer membrane porin,Q.6,Porins,sys_PMN2A_0440,not_transporter,no member is strong or tcdb_only,PMN2A_0440:PMN2A_RS05215,False,none,cyanorak,
natl2a,PMN2A_0777,PMN2A_RS07060,outer membrane porin,Q.6,Porins,sys_PMN2A_0777,High,strong + role-complete + resolved [score-0-only overridden by curated Cyanorak transport role],PMN2A_0777:PMN2A_RS07060,False,strong,pfam|cyanorak|tcdb,tcdb:1.B.23
natl2a,PMN2A_0909,bamA,outer membrane protein insertion porin family,Q.6,Porins,sys_PMN2A_0909,Medium,"strong, role-incomplete",PMN2A_0909:bamA,False,strong,ko|cyanorak|tcdb,tcdb:1.B.33
natl2a,PMN2A_1028,PMN2A_RS08380,outer membrane porin,Q.6,Porins,sys_PMN2A_1028,High,strong + role-complete + resolved [score-0-only overridden by curated Cyanorak transport role],PMN2A_1028:PMN2A_RS08380,False,strong,pfam|cyanorak|tcdb,tcdb:1.B.23
natl2a,PMN2A_1057,PMN2A_RS08525,outer membrane porin,Q.6,Porins,sys_PMN2A_1057,Medium,"strong, complete, no TCDB resolution",PMN2A_1057:PMN2A_RS08525,False,strong,pfam|cyanorak,
natl2a,PMN2A_1757,PMN2A_RS02250,outer membrane porin,Q.6,Porins,sys_PMN2A_1757,Medium,"strong, complete, no TCDB resolution",PMN2A_1757:PMN2A_RS02250,False,strong,pfam|cyanorak,
natl2a,PMN2A_0075,mscS,"small-conductance mechanosensitive ion channel, MscS family",Q.7,Sugars,sys_PMN2A_0075,High,strong + role-complete + resolved,PMN2A_0075:mscS,False,strong,pfam|ko|cyanorak|tcdb,tcdb:1.A.23.4
natl2a,PMN2A_0152,devB,"ABC exporter membrane fusion, DevB family",Q.7,Sugars,sys_PMN2A_0152,Medium,"strong, role-incomplete (mixed member resolutions)",PMN2A_0152:devB|PMN2A_0153:devC|PMN2A_0154:devA,False,strong,cyanorak|tcdb,tcdb:2.A.1 | tcdb:2.A.6 | tcdb:3.A.1 | tcdb:8.A.1
natl2a,PMN2A_0153,devC,ABC exporter transmembrane subunit,Q.7,Sugars,sys_PMN2A_0152,Medium,"strong, role-incomplete (mixed member resolutions)",PMN2A_0152:devB|PMN2A_0153:devC|PMN2A_0154:devA,False,strong,pfam|ko|cyanorak|tcdb,tcdb:3.A.1.114
natl2a,PMN2A_0154,devA,"DEVA-like ABC transporter, ATP-binding subunit",Q.7,Sugars,sys_PMN2A_0152,Medium,"strong, role-incomplete (mixed member resolutions)",PMN2A_0152:devB|PMN2A_0153:devC|PMN2A_0154:devA,False,strong,pfam|ko|cyanorak|tcdb,tcdb:3.A.1
natl2a,PMN2A_0270,PMN2A_RS04285,permease of the drug/metabolite transporter (DMT) superfamily,Q.7,Sugars,sys_PMN2A_0270,Medium,"strong, complete, no TCDB resolution [superfamily-only overridden by curated Cyanorak transport role]",PMN2A_0270:PMN2A_RS04285,False,strong,pfam|cyanorak|tcdb,tcdb:2.A.7
natl2a,PMN2A_0384,PMN2A_RS04885,putative ABC multidrug efflux transporter,Q.7,Sugars,sys_PMN2A_0384,High,strong + role-complete + resolved,PMN2A_0384:PMN2A_RS04885,False,strong,pfam|ko|cyanorak|tcdb,tcdb:3.A.1.106 | tcdb:3.A.1.109 | tcdb:3.A.1.21
natl2a,PMN2A_0649,PMN2A_RS06410,ABC transporter,Q.7,Sugars,sys_PMN2A_0649,High,strong + role-complete + resolved,PMN2A_0649:PMN2A_RS06410,False,strong,pfam|ko|cyanorak|tcdb,tcdb:3.A.1.106 | tcdb:3.A.1.109 | tcdb:3.A.1.21
natl2a,PMN2A_1224,PMN2A_RS09395,ABC multidrug efflux transporter,Q.7,Sugars,sys_PMN2A_1224,High,strong + role-complete + resolved,PMN2A_1224:PMN2A_RS09395,False,strong,pfam|ko|cyanorak|tcdb,tcdb:3.A.1.106 | tcdb:3.A.1.109 | tcdb:3.A.1.21
natl2a,PMN2A_1428,PMN2A_RS00530,"ABC transporter, ATPase component",Q.7,Sugars,sys_PMN2A_1428,High,strong + role-complete + resolved,PMN2A_1428:PMN2A_RS00530,False,strong,pfam|ko|cyanorak|tcdb,tcdb:3.A.1.106 | tcdb:3.A.1.110 | tcdb:3.A.1.112 | tcdb:3.A.1.113 | tcdb:3.A.1.117 | tcdb:3.A.1.203.11 | tcdb:3.A.1.203.4 | tcdb:3.A.1.21
natl2a,PMN2A_1755,dppC,"ABC-type oligopeptide transporter, membrane component",Q.7,Sugars,sys_PMN2A_0704,High,strong + role-complete + resolved,PMN2A_0704:dppA|PMN2A_0705:dppB|PMN2A_1559:ddpD|PMN2A_1755:dppC,False,strong,pfam|ko|cyanorak|tcdb,tcdb:3.A.1.5
natl2a,PMN2A_1780,PMN2A_RS02365,"ABC-type multidrug transport system, ATPase component",Q.7,Sugars,sys_PMN2A_1780,Medium,"strong, role-incomplete (mixed member resolutions)",PMN2A_1780:PMN2A_RS02365|PMN2A_1781:PMN2A_RS02370,False,strong,pfam|ko|cyanorak|tcdb,tcdb:2.A.130 | tcdb:3.A.1
natl2a,PMN2A_0147,bioY,"biotin ECF transporter, substrate component",Q.8,Other,sys_PMN2A_0147,Medium,"strong, role-incomplete",PMN2A_0147:bioY,False,strong,ko|cyanorak|tcdb,tcdb:2.A.88.1 | tcdb:2.A.88.2 | tcdb:3.A.1
natl2a,PMN2A_0169,lptB,"lipopolysaccharide export system, ATP-binding component LptB",Q.8,Other,sys_PMN2A_0169,Medium,"strong, role-incomplete",PMN2A_0169:lptB|PMN2A_0170:lptG,False,strong,pfam|ko|cyanorak|tcdb,tcdb:1.B.42.1 | tcdb:3.A.1
natl2a,PMN2A_0170,lptG,"lipopolysaccharide export system, permease component",Q.8,Other,sys_PMN2A_0169,Medium,"strong, role-incomplete",PMN2A_0169:lptB|PMN2A_0170:lptG,False,strong,pfam|ko|cyanorak|tcdb,tcdb:1.B.42.1 | tcdb:3.A.1
natl2a,PMN2A_1210,crcB2,fluoride exporter,Q.8,Other,sys_PMN2A_1210,Medium,"strong, role-incomplete",PMN2A_1210:crcB2|PMN2A_1211:crcB1,False,strong,ko|cyanorak|tcdb,tcdb:1.A.43.1 | tcdb:1.A.43.2 | tcdb:1.A.43.3
natl2a,PMN2A_1211,crcB1,fluoride exporter,Q.8,Other,sys_PMN2A_1210,Medium,"strong, role-incomplete",PMN2A_1210:crcB2|PMN2A_1211:crcB1,False,strong,ko|cyanorak|tcdb,tcdb:1.A.43.1 | tcdb:1.A.43.2 | tcdb:1.A.43.3
natl2a,PMN2A_1218,PMN2A_RS09360,"ABC-type lipopolysaccharide transport system, permease component",Q.8,Other,sys_PMN2A_1218,Medium,"strong, role-incomplete",PMN2A_1218:PMN2A_RS09360|PMN2A_1219:PMN2A_RS09365,False,strong,pfam|ko|cyanorak|tcdb,tcdb:3.A.1.103
natl2a,PMN2A_1493,ecfA1,energy-coupling factor transport system ATP-binding protein,Q.8,Other,sys_PMN2A_1493,Medium,"strong, role-incomplete",PMN2A_1493:ecfA1,False,strong,pfam|ko|cyanorak|tcdb,tcdb:3.A.1.25 | tcdb:3.A.1.28 | tcdb:3.A.1.29 | tcdb:3.A.1.30 | tcdb:3.A.1.31 | tcdb:3.A.1.32 | tcdb:3.A.1.33
natl2a,PMN2A_1640,PMN2A_RS01600,CNNM domain-containing protein,Q.8,Other,sys_PMN2A_1640,Medium,"strong, role-incomplete",PMN2A_1640:PMN2A_RS01600,False,strong,ko|cyanorak|tcdb,tcdb:1.A.112 | tcdb:1.C.126 | tcdb:2.A.109
natl2a,PMN2A_0025,PMN2A_RS03065,translocation and assembly module TamB-like protein,Q.9,Unknown substrate,sys_PMN2A_0025,not_transporter,no member is strong or tcdb_only,PMN2A_0025:PMN2A_RS03065,False,none,ko|cyanorak,
natl2a,PMN2A_0134,PMN2A_RS03625,"putative autoinducer 2 exporter, YhhT family",Q.9,Unknown substrate,sys_PMN2A_0134,High,strong + role-complete + resolved,PMN2A_0134:PMN2A_RS03625,False,strong,pfam|cyanorak|tcdb,tcdb:2.A.86
natl2a,PMN2A_0444,arsJ,"multidrug efflux transporter, MFS family",Q.9,Unknown substrate,sys_PMN2A_0444,High,strong + role-complete + resolved,PMN2A_0444:arsJ,False,strong,pfam|cyanorak|tcdb,tcdb:2.A.1.83
natl2a,PMN2A_0478,PMN2A_RS05415,AEC transporter family,Q.9,Unknown substrate,sys_PMN2A_0478,High,strong + role-complete + resolved,PMN2A_0478:PMN2A_RS05415,False,strong,pfam|cyanorak|tcdb,tcdb:2.A.69
natl2a,PMN2A_0707,PMN2A_RS06700,"multidrug efflux transporter, MFS family",Q.9,Unknown substrate,sys_PMN2A_0707,Medium,"strong, complete, no TCDB resolution",PMN2A_0707:PMN2A_RS06700,False,strong,pfam|cyanorak,
natl2a,PMN2A_0747,PMN2A_RS06905,"RND efflux pump, MFP subunit, HlyD family",Q.9,Unknown substrate,sys_PMN2A_0747,Medium,"strong, role-incomplete",PMN2A_0747:PMN2A_RS06905,False,strong,cyanorak|tcdb,tcdb:2.A.6 | tcdb:3.A.1 | tcdb:8.A.1
natl2a,PMN2A_0750,PMN2A_RS06920,sodium-dependent transporter,Q.9,Unknown substrate,sys_PMN2A_0750,High,strong + role-complete + resolved,PMN2A_0750:PMN2A_RS06920,False,strong,pfam|cyanorak|tcdb,tcdb:2.A.22.4 | tcdb:2.A.22.5
natl2a,PMN2A_0798,PMN2A_RS07185,eamA-like transporter family protein,Q.9,Unknown substrate,sys_PMN2A_0798,Medium,"strong, complete, no TCDB resolution [superfamily-only overridden by curated Cyanorak transport role]",PMN2A_0798:PMN2A_RS07185,False,strong,pfam|cyanorak|tcdb,tcdb:2.A.7
natl2a,PMN2A_0950,uup,ABC transport system ATP-binding/permease protein,Q.9,Unknown substrate,sys_PMN2A_0950,Medium,"strong, role-incomplete",PMN2A_0950:uup,False,strong,pfam|ko|cyanorak|tcdb,tcdb:3.A.1.120.6 | tcdb:9.B.325
natl2a,PMN2A_1303,PMN2A_RS09810,"multidrug efflux transporter, MFS family",Q.9,Unknown substrate,sys_PMN2A_1303,High,strong + role-complete + resolved,PMN2A_1303:PMN2A_RS09810,False,strong,pfam|ko|cyanorak|tcdb,tcdb:2.A.1.2.38 | tcdb:2.A.1.2.39 | tcdb:2.A.1.2.4 | tcdb:2.A.1.2.41 | tcdb:2.A.1.2.68 | tcdb:2.A.1.2.75
natl2a,PMN2A_1411,PMN2A_RS00440,ABC transporter family protein,Q.9,Unknown substrate,sys_PMN2A_1411,High,strong + role-complete + resolved,PMN2A_1411:PMN2A_RS00440,False,strong,pfam|ko|cyanorak|tcdb,tcdb:3.A.1.106 | tcdb:3.A.1.109 | tcdb:3.A.1.21
natl2a,PMN2A_1442,PMN2A_RS00600,putative 4^-phosphopantetheinyl transferase family domain protein,Q.9,Unknown substrate,sys_PMN2A_1442,not_transporter,no member is strong or tcdb_only,PMN2A_1442:PMN2A_RS00600,False,none,cyanorak,
natl2a,PMN2A_1455,abc-f,"ABC transport system ATP-binding/permease protein, Uup family",Q.9,Unknown substrate,sys_PMN2A_1455,Medium,"strong, role-incomplete",PMN2A_1455:abc-f,False,strong,pfam|cyanorak|tcdb,tcdb:3.A.1 | tcdb:9.B.325
natl2a,PMN2A_1465,PMN2A_RS00710,"TolC-like outer membrane efflux protein, RND family",Q.9,Unknown substrate,sys_PMN2A_1465,Medium,"strong, role-incomplete",PMN2A_1465:PMN2A_RS00710,False,strong,cyanorak|tcdb,tcdb:1.B.17 | tcdb:2.A.6 | tcdb:3.A.1
natl2a,PMN2A_1580,PMN2A_RS01295,possible sodium-dependent bicarbonate transporter,Q.9,Unknown substrate,sys_PMN2A_1580,High,strong + role-complete + resolved,PMN2A_1580:PMN2A_RS01295,False,strong,pfam|cyanorak|tcdb,tcdb:2.A.83
natl2a,PMN2A_1727,cbiQ,transmembrane component of ECF transporter energizing module,Q.9,Unknown substrate,sys_PMN2A_1727,Medium,"strong, role-incomplete",PMN2A_1727:cbiQ,False,strong,ko|cyanorak|tcdb,tcdb:3.A.1.25 | tcdb:3.A.1.28 | tcdb:3.A.1.29 | tcdb:3.A.1.30 | tcdb:3.A.1.31 | tcdb:3.A.1.32 | tcdb:3.A.1.33
